n_CO2,T,T12,T3,partner,R_VT2_12,R_VT2_3,R_VV23_12,R_VV23_3,R_VV123_12,R_VV123_3
1.01980396079216e+23,4500,3500,4500,CO2,3.29098950560538e+28,0,1.32833292492624e+29,-4.4277764164208e+28,2.62189359170445e+29,-8.73964530568149e+28
1.07921584316863e+23,4500,1000,2500,CO2,1.65963673885981e+29,0,9.75054505227589e+29,-3.25018168409196e+29,1.26712300696975e+30,-4.22374335656584e+29
1.11882376475295e+23,3500,2000,1500,CO2,5.3921401921342e+28,0,-3.9308157471538e+29,1.31027191571793e+29,-5.97816403029657e+29,1.99272134343219e+29
1.13862772554511e+23,3500,1000,1000,CO2,9.98390899506039e+28,0,-7.6464159540754e+28,2.54880531802513e+28,-8.47807966459594e+28,2.82602655486531e+28
1.19803960792158e+23,3000,5000,3500,CO2,-5.87193503834279e+28,0,-1.83147064890788e+29,6.10490216302626e+28,-3.98339614528751e+29,1.32779871509584e+29
1.19803960792158e+23,4000,1000,4500,CO2,1.54615510141884e+29,0,2.34559889064806e+30,-7.81866296882687e+29,3.00950851928776e+30,-1.00316950642925e+30
1.41588317663533e+23,4500,3000,5000,CO2,9.97418998501461e+28,0,6.18899994375503e+29,-2.06299998125168e+29,1.15926419425248e+30,-3.8642139808416e+29
1.57431486297259e+23,3500,2000,4000,CO2,1.06762930270391e+29,0,1.5975789117609e+30,-5.325263039203e+29,2.49050556856734e+30,-8.30168522855778e+29
1.69313862772555e+23,1500,5000,3000,CO2,-8.72477140760625e+28,0,-3.66135039474647e+29,1.22045013158216e+29,-7.54243652646141e+29,2.51414550882047e+29
1.7129425885177e+23,2000,4500,5000,CO2,-9.66721166143438e+28,0,4.72530019484332e+29,-1.57510006494777e+29,9.15296107962475e+29,-3.05098702654158e+29
1.85157031406281e+23,1500,1500,3500,CO2,-0.0,0,2.8671567809816e+30,-9.55718926993868e+29,3.03523422239547e+30,-1.01174474079849e+30
1.97039407881576e+23,3000,5000,2000,CO2,-1.58895628653204e+29,0,-1.6517850275062e+30,5.50595009168734e+29,-3.60993179396833e+30,1.20331059798944e+30
2.08921784356871e+23,4000,5000,1500,CO2,-1.12744831996175e+29,0,-2.28413104829772e+30,7.61377016099241e+29,-5.13483339068826e+30,1.71161113022942e+30
2.10902180436087e+23,4500,4500,2500,CO2,-0.0,0,-1.29021242989868e+30,4.30070809966228e+29,-2.79627241683028e+30,9.32090805610092e+29
2.20804160832166e+23,3000,4500,2500,CO2,-1.53659910774508e+29,0,-1.45953201562358e+30,4.86510671874528e+29,-3.0515140419256e+30,1.01717134730853e+30
2.26745349069814e+23,3000,3500,1500,CO2,-5.70227638793023e+28,0,-2.93440178801351e+30,9.78133929337838e+29,-5.5145101417647e+30,1.8381700472549e+30
2.32686537307461e+23,3000,4000,4000,CO2,-1.16845012566184e+29,0,1.64847316609638e+29,-5.49491055365459e+28,3.15770153107534e+29,-1.05256717702511e+29
2.44568913782757e+23,4500,3000,4000,CO2,2.97605723157139e+29,0,1.00567043513051e+30,-3.35223478376838e+29,1.90519531265439e+30,-6.35065104218131e+29
2.48529705941188e+23,4500,3500,4500,CO2,1.95456321283531e+29,0,7.889149038721e+29,-2.62971634624033e+29,1.55717809296735e+30,-5.19059364322451e+29
2.50510102020404e+23,2500,2500,1000,CO2,-0.0,0,-4.01453556995763e+30,1.33817852331921e+30,-6.09989441533565e+30,2.03329813844522e+30
2.50510102020404e+23,3000,2500,4500,CO2,7.36353851522302e+28,0,3.20693692533071e+30,-1.06897897511024e+30,5.25732944094217e+30,-1.75244314698072e+30
2.5249049809962e+23,1500,4000,5000,CO2,-1.41055373539147e+29,0,1.9713740637996e+30,-6.57124687933201e+29,3.46844729911989e+30,-1.15614909970663e+30
2.68333666733347e+23,2500,1500,1000,CO2,1.41288619731445e+29,0,-2.13384678880145e+30,7.11282262933818e+29,-2.51897120646159e+30,8.3965706882053e+29
2.7625525105021e+23,1000,1000,3500,CO2,-0.0,0,6.21008892132759e+30,-2.07002964044253e+30,4.95065576949695e+30,-1.65021858983232e+30
2.84176835367073e+23,1000,5000,4000,CO2,-1.46028862739432e+29,0,1.28191446222889e+30,-4.27304820742964e+29,2.28621102515023e+30,-7.62070341716743e+29
2.86157231446289e+23,1500,1000,4500,CO2,3.70547736493071e+28,0,1.04590819659232e+31,-3.48636065530772e+30,1.0012663885154e+31,-3.33755462838466e+30
2.86157231446289e+23,1500,4500,3000,CO2,-2.15632281383856e+29,0,-7.77507381845632e+29,2.59169127281877e+29,-1.52661684777282e+30,5.0887228259094e+29
2.92098419683937e+23,2500,1000,5000,CO2,2.54817220540671e+29,0,1.40773215006691e+31,-4.69244050022303e+30,1.59202625470778e+31,-5.30675418235927e+30
3.13882776555311e+23,2000,5000,2500,CO2,-3.83996558412715e+29,0,-2.82328810254316e+30,9.41096034181053e+29,-5.91330445174075e+30,1.97110148391358e+30
3.15863172634527e+23,3500,3000,1000,CO2,1.33326022859051e+29,0,-7.09728655238888e+30,2.36576218412963e+30,-1.28789809151525e+31,4.29299363838416e+30
3.21804360872174e+23,4500,3000,3500,CO2,5.15258606494712e+29,0,7.73457862313401e+29,-2.578192874378e+29,1.48382957657378e+30,-4.94609858857926e+29
3.29725945189038e+23,1500,4000,4500,CO2,-2.40587805004837e+29,0,2.6425069315364e+30,-8.80835643845465e+29,4.6132446588466e+30,-1.53774821961553e+30
3.39627925585117e+23,2000,4500,2000,CO2,-3.80355068316299e+29,0,-4.75356006280529e+30,1.5845200209351e+30,-9.39101109290694e+30,3.13033703096898e+30
3.39627925585117e+23,4000,3000,5000,CO2,3.48068211107322e+29,0,3.83106343283177e+30,-1.27702114427726e+30,7.05318970325608e+30,-2.35106323441869e+30
3.41608321664333e+23,2000,1500,3500,CO2,8.34171668441854e+28,0,1.00719791526223e+31,-3.35732638420744e+30,1.18025318927451e+31,-3.93417729758171e+30
3.49529905981196e+23,3000,4000,5000,CO2,-2.63603096328035e+29,0,1.91859002113099e+30,-6.39530007043664e+29,3.74271219525662e+30,-1.24757073175221e+30
3.5745149029806e+23,1000,2500,5000,CO2,-8.74963893401489e+28,0,1.03589432374243e+31,-3.45298107914143e+30,1.27690320473065e+31,-4.25634401576885e+30
3.5745149029806e+23,1000,3500,5000,CO2,-1.45746973584779e+29,0,6.79070617836091e+30,-2.2635687261203e+30,1.01604971273788e+31,-3.38683237579294e+30
3.59431886377276e+23,3500,4500,4500,CO2,-3.12081008702526e+29,0,2.68841853864623e+29,-8.96139512882077e+28,5.42855365455154e+29,-1.80951788485051e+29
3.67353470694139e+23,4000,4000,3000,CO2,-0.0,0,-2.26605939322447e+30,7.55353131074824e+29,-4.65229324348823e+30,1.55076441449608e+30
3.69333866773355e+23,1500,1500,1500,CO2,-0.0,0,-0.0,-0.0,-0.0,-0.0
3.75275055011002e+23,2500,4000,1500,CO2,-3.73860677156608e+29,0,-8.18862062746393e+30,2.72954020915464e+30,-1.5808507040345e+31,5.26950234678167e+30
3.83196639327866e+23,3500,5000,2000,CO2,-5.15575664161456e+29,0,-6.12762972372783e+30,2.04254324124261e+30,-1.35691941811316e+31,4.52306472704386e+30
3.85177035407081e+23,4500,1500,2500,CO2,1.72012933198975e+30,0,6.45962984500944e+30,-2.15320994833648e+30,9.68546323971131e+30,-3.22848774657044e+30
3.87157431486297e+23,4000,1000,4500,CO2,1.6146779141544e+30,0,2.4495516140127e+31,-8.165172046709e+30,3.14288452309488e+31,-1.04762817436496e+31
3.99039807961592e+23,3000,3500,5000,CO2,-1.76579120410149e+29,0,4.03758561423571e+30,-1.3458618714119e+30,7.51603547958696e+30,-2.50534515986232e+30
4.10922184436887e+23,4500,3500,2500,CO2,5.34364639159251e+29,0,-4.07904094157673e+30,1.35968031385891e+30,-8.15065019088489e+30,2.71688339696163e+30
4.46569313862773e+23,1000,2500,1000,CO2,-1.36567583022778e+29,0,-8.2730014969808e+30,2.75766716566027e+30,-8.90789549205771e+30,2.96929849735257e+30
4.46569313862773e+23,1500,4000,3500,CO2,-4.41395241320382e+29,0,1.36865878567672e+30,-4.56219595225574e+29,2.25425498485124e+30,-7.51418328283746e+29
4.64392878575715e+23,2000,2000,2000,CO2,-0.0,0,-0.0,-0.0,-0.0,-0.0
4.7627525505101e+23,4000,2500,4000,CO2,1.07131134636551e+30,0,8.11145464842443e+30,-2.70381821614148e+30,1.41350781044034e+31,-4.71169270146778e+30
4.78255651130226e+23,2500,4500,2500,CO2,-7.92880799379938e+29,0,-6.6663542378867e+30,2.22211807929557e+30,-1.36499193888621e+31,4.5499731296207e+30
4.78255651130226e+23,4500,2000,3000,CO2,2.09662741702036e+30,0,7.23580528806609e+30,-2.41193509602203e+30,1.20434001532305e+31,-4.01446671774351e+30
4.80236047209442e+23,1000,4000,3000,CO2,-3.15130721888145e+29,0,1.56502260529095e+30,-5.21674201763651e+29,2.21641893868755e+30,-7.38806312895849e+29
4.82216443288658e+23,5000,1000,4000,CO2,4.20409293984858e+30,0,3.45139167152747e+31,-1.15046389050916e+31,4.71019003408108e+31,-1.57006334469369e+31
4.86177235447089e+23,2500,4500,4500,CO2,-8.18978049725705e+29,0,1.51033622379673e+30,-5.03445407932244e+29,2.96738040994145e+30,-9.89126803313818e+29
4.90138027605521e+23,4500,1000,3500,CO2,3.42320731301047e+30,0,3.13925464334167e+31,-1.04641821444722e+31,4.13035487056978e+31,-1.37678495685659e+31
4.98059611922385e+23,2500,1500,1500,CO2,4.86765179533201e+29,0,-1.31315147131887e+30,4.37717157106288e+29,-1.52734721003802e+30,5.09115736679341e+29
5.000400080016e+23,4000,2500,1500,CO2,1.18089322628459e+30,0,-1.14686639911882e+31,3.82288799706274e+30,-1.99062613542192e+31,6.63542045140642e+30
5.07961592318464e+23,2000,4000,1500,CO2,-6.90714732806722e+29,0,-1.46372401030138e+31,4.87908003433792e+30,-2.70119104995574e+31,9.00397016651914e+30
5.07961592318464e+23,4000,2500,5000,CO2,1.2185773737252e+30,0,1.35776623717873e+31,-4.52588745726244e+30,2.35328079391161e+31,-7.8442693130387e+30
5.11922384476895e+23,1000,4500,1000,CO2,-4.16668894962984e+29,0,-1.52591146875583e+31,5.08637156251943e+30,-2.52166512206036e+31,8.40555040686788e+30
5.19843968793759e+23,3000,1500,4500,CO2,1.00655122048952e+30,0,3.1296298085473e+31,-1.04320993618243e+31,4.22259430562869e+31,-1.40753143520957e+31
5.21824364872975e+23,4500,2500,2000,CO2,1.89735778738964e+30,0,-6.7471018617602e+30,2.24903395392007e+30,-1.19900482881725e+31,3.99668276272416e+30
5.29745949189838e+23,1000,2000,3500,CO2,-1.27724667648464e+29,0,1.80294183020949e+31,-6.00980610069829e+30,1.86886423704536e+31,-6.22954745681785e+30
5.29745949189838e+23,1000,2000,4000,CO2,-1.27724517565531e+29,0,2.16883679451033e+31,-7.22945598170111e+30,2.29533254712606e+31,-7.6511084904202e+30
5.29745949189838e+23,4500,3000,1000,CO2,1.3962997239582e+30,0,-1.92699934690246e+31,6.42333115634154e+30,-3.69133572562135e+31,1.23044524187378e+31
5.39647929585917e+23,5000,1000,1000,CO2,5.26513349376972e+30,0,-2.08881897348732e+30,6.9627299116244e+29,-2.64746743351249e+30,8.82489144504164e+29
5.43608721744349e+23,4500,4500,5000,CO2,-0.0,0,1.29955164137965e+30,-4.33183880459883e+29,2.72642842047651e+30,-9.08809473492169e+29
5.49549909981996e+23,2000,3000,1500,CO2,-4.15967750696591e+29,0,-1.49288318047931e+31,4.97627726826436e+30,-2.35206074291844e+31,7.8402024763948e+30
5.55491098219644e+23,2500,2500,3000,CO2,-0.0,0,5.44077958266113e+30,-1.81359319422038e+30,8.46809956168407e+30,-2.82269985389469e+30
5.5747149429886e+23,4500,3500,3500,CO2,9.83462532409968e+29,0,-6.71172789849511e+29,2.2372426328317e+29,-1.29210557755629e+30,4.30701859185429e+29
5.65393078615723e+23,1500,5000,4500,CO2,-9.7201696136568e+29,0,3.63535864852442e+30,-1.21178621617481e+30,6.99028500047279e+30,-2.3300950001576e+30
5.69353870774155e+23,4500,2500,1500,CO2,2.25873399908507e+30,0,-1.47653238152577e+31,4.9217746050859e+30,-2.63598808723193e+31,8.78662695743978e+30
5.73314662932587e+23,4500,3500,2500,CO2,1.04017074246587e+30,0,-7.94008198488611e+30,2.64669399496204e+30,-1.58656977639302e+31,5.28856592131007e+30
5.77275455091018e+23,1500,3000,5000,CO2,-4.49452227333681e+29,0,1.85454268179857e+31,-6.18180893932857e+30,2.82446819730712e+31,-9.41489399102372e+30
5.79255851170234e+23,3500,5000,1000,CO2,-1.17823633545899e+30,0,-2.19536158719453e+31,7.31787195731511e+30,-4.89668537123235e+31,1.63222845707745e+31
5.79255851170234e+23,5000,3500,2000,CO2,1.70591986783539e+30,0,-1.26176282047989e+31,4.20587606826631e+30,-2.57322543648381e+31,8.57741812161271e+30
5.8123624724945e+23,5000,3500,4000,CO2,1.71755393570479e+30,0,1.70055608407256e+30,-5.66852028024187e+29,3.45281936145998e+30,-1.15093978715333e+30
5.99059811962393e+23,2000,1000,2500,CO2,5.15311337088533e+29,0,2.50615595826941e+31,-8.35385319423137e+30,2.46081014671214e+31,-8.20270048904046e+30
5.99059811962393e+23,3000,2500,1000,CO2,4.21096038599669e+29,0,-2.34907370067455e+31,7.83024566891516e+30,-3.7716212203677e+31,1.2572070734559e+31
6.01040208041608e+23,2000,2500,3000,CO2,-2.52244390675565e+29,0,7.7452125015743e+30,-2.58173750052477e+30,1.12782529131933e+31,-3.75941763773111e+30
6.06981396279256e+23,2000,3500,5000,CO2,-7.50294552405569e+29,0,1.25961499535184e+31,-4.19871665117279e+30,2.19537043191068e+31,-7.31790143970228e+30
6.08961792358472e+23,2000,1500,3000,CO2,2.6508104600792e+29,0,2.52849373771678e+31,-8.42831245905592e+30,2.92393947416844e+31,-9.74646491389478e+30
6.12922584516903e+23,2500,1000,2000,CO2,1.12197407467413e+30,0,1.83242849836854e+31,-6.10809499456181e+30,1.91676696310087e+31,-6.38922321033623e+30
6.20844168833767e+23,2000,4000,1500,CO2,-1.03181581595629e+30,0,-2.18656633815647e+31,7.28855446052158e+30,-4.03514144824793e+31,1.34504714941598e+31
6.24804960992198e+23,4000,3000,2000,CO2,1.17806350188296e+30,0,-1.33301546918625e+31,4.44338489728751e+30,-2.48223087623363e+31,8.27410292077877e+30
6.26785357071414e+23,3500,5000,3500,CO2,-1.37892751070502e+30,0,-5.30186602974245e+30,1.76728867658082e+30,-1.16005250279004e+31,3.8668416759668e+30
6.2876575315063e+23,2000,2500,3000,CO2,-2.76052842315148e+29,0,8.47625558557773e+30,-2.82541852852591e+30,1.23427671263483e+31,-4.11425570878277e+30
6.30746149229846e+23,4000,1500,1000,CO2,3.42095623578365e+30,0,-1.36659051564817e+31,4.55530171882723e+30,-1.91468842779114e+31,6.38229475930379e+30
6.36687337467494e+23,1000,1000,1000,CO2,-0.0,0,-0.0,-0.0,-0.0,-0.0
6.36687337467494e+23,2500,4000,4500,CO2,-1.07585185406108e+30,0,5.25204895253226e+30,-1.75068298417742e+30,9.98633070113756e+30,-3.32877690037919e+30
6.40648129625925e+23,3500,1000,2000,CO2,3.16064871429718e+30,0,2.16472574754777e+31,-7.21575249182592e+30,2.55661485399238e+31,-8.52204951330794e+30
6.40648129625925e+23,4500,4000,3500,CO2,6.20738302557593e+29,0,-3.33372587058658e+30,1.11124195686219e+30,-6.86634313297412e+30,2.28878104432471e+30
6.48569713942789e+23,4500,4500,1000,CO2,-0.0,0,-2.70051784636903e+31,9.00172615456345e+30,-5.9526821988679e+31,1.98422739962263e+31
6.50550110022004e+23,5000,1000,4000,CO2,7.65155645219768e+30,0,6.28162093254973e+31,-2.09387364418324e+31,8.5726660808903e+31,-2.85755536029677e+31
6.58471694338868e+23,2500,3000,3500,CO2,-4.00146870282955e+29,0,6.840429878564e+30,-2.28014329285467e+30,1.15508789229992e+31,-3.85029297433305e+30
6.60452090418084e+23,2000,2500,2000,CO2,-3.04577113597379e+29,0,-7.49645504796689e+30,2.4988183493223e+30,-1.08311861736308e+31,3.61039539121026e+30
6.62432486497299e+23,4000,5000,4000,CO2,-1.13290562457323e+30,0,-3.39367310224195e+30,1.13122436741398e+30,-7.42900211193653e+30,2.47633403731217e+30
6.64412882576515e+23,1000,3500,1500,CO2,-5.03658445046824e+29,0,-1.66008517011092e+31,5.53361723370306e+30,-2.32015280012976e+31,7.73384266709919e+30
6.66393278655731e+23,3000,3000,4000,CO2,-0.0,0,1.03371340841385e+31,-3.44571136137951e+30,1.81966171919031e+31,-6.06553906396769e+30
6.68373674734947e+23,4000,2500,4500,CO2,2.10977286903691e+30,0,2.00935461070316e+31,-6.69784870234385e+30,3.49171807923683e+31,-1.16390602641228e+31
6.74314862972595e+23,2500,3500,2000,CO2,-8.21738614177202e+29,0,-1.73608873323062e+31,5.78696244410207e+30,-3.15170386665681e+31,1.05056795555227e+31
6.84216843368674e+23,5000,3000,1500,CO2,3.34592196870258e+30,0,-2.38446016343827e+31,7.94820054479423e+30,-4.64751708728621e+31,1.54917236242874e+31
7.07981596319264e+23,3500,3000,2500,CO2,6.6982353786544e+29,0,-8.30606547880784e+30,2.76868849293595e+30,-1.50340578507821e+31,5.01135261692737e+30
7.07981596319264e+23,4000,3500,2000,CO2,7.25969648595241e+29,0,-1.95865153687944e+31,6.52883845626482e+30,-3.86685949185799e+31,1.28895316395266e+31
7.0996199239848e+23,1000,5000,1500,CO2,-9.12444893002938e+29,0,-2.20022925938205e+31,7.33409753127351e+30,-3.98557718214074e+31,1.32852572738025e+31
7.11942388477696e+23,1500,4000,1000,CO2,-1.12202056320992e+30,0,-3.47221434263422e+31,1.15740478087807e+31,-5.93146343660308e+31,1.97715447886769e+31
7.25805161032207e+23,2500,2000,4000,CO2,5.0697501210423e+29,0,3.68343207853338e+31,-1.22781069284446e+31,5.25824295683426e+31,-1.75274765227809e+31
7.29765953190638e+23,3500,3000,3000,CO2,7.11677219350478e+29,0,-9.46732533504356e+29,3.15577511168119e+29,-1.66658983569324e+30,5.55529945231081e+29
7.29765953190638e+23,4500,4000,5000,CO2,8.05299234448515e+29,0,5.32865707058472e+30,-1.77621902352824e+30,1.08503798134034e+31,-3.61679327113448e+30
7.39667933586717e+23,5000,2000,4500,CO2,6.57103819941429e+30,0,3.67264414023274e+31,-1.22421471341091e+31,6.20882670093893e+31,-2.06960890031298e+31
7.43628725745149e+23,4500,2000,5000,CO2,5.06884478982343e+30,0,4.33478378059861e+31,-1.4449279268662e+31,7.14640066052151e+31,-2.38213355350717e+31
7.5749149829966e+23,1000,5000,3000,CO2,-1.03819064447421e+30,0,-1.299531982528e+30,4.33177327509333e+29,-3.15271443885041e+30,1.05090481295014e+30
7.63432686537307e+23,2500,5000,5000,CO2,-2.47024594954665e+30,0,3.91866319968803e+30,-1.30622106656268e+30,8.01187857816547e+30,-2.67062619272182e+30
7.87197439487898e+23,3500,1000,3500,CO2,4.77204398111214e+30,0,7.93087092514237e+31,-2.64362364171412e+31,9.65127728861689e+31,-3.21709242953896e+31
7.93138627725545e+23,3000,4500,5000,CO2,-1.98141404996223e+30,0,5.64712916097069e+30,-1.88237638699023e+30,1.14261599351973e+31,-3.8087199783991e+30
7.97099419883977e+23,4000,5000,1500,CO2,-1.64117229566808e+30,0,-3.32489971360167e+31,1.10829990453389e+31,-7.47453001123355e+31,2.49151000374451e+31
7.99079815963193e+23,1500,3000,4500,CO2,-8.61219672127212e+29,0,3.0378112563332e+31,-1.01260375211107e+31,4.59060345544945e+31,-1.53020115181648e+31
7.99079815963193e+23,3500,3500,3500,CO2,-0.0,0,-0.0,-0.0,-0.0,-0.0
8.01060212042409e+23,2000,4500,3000,CO2,-2.11568937273338e+30,0,-9.55554532466422e+30,3.18518177488807e+30,-1.91875736526688e+31,6.39585788422295e+30
8.03040608121624e+23,3000,5000,1000,CO2,-2.63955141234191e+30,0,-4.35236973166687e+31,1.45078991055562e+31,-9.55090974601114e+31,3.18363658200371e+31
8.07001400280056e+23,1000,4000,3000,CO2,-8.89876646466108e+29,0,4.41936304812037e+30,-1.47312101604012e+30,6.25879774750531e+30,-2.0862659158351e+30
8.10962192438488e+23,5000,3000,4000,CO2,4.70029796588122e+30,0,1.01169959527402e+31,-3.37233198424674e+30,1.9499869578389e+31,-6.49995652612968e+30
8.16903380676135e+23,1000,5000,1000,CO2,-1.20812324932123e+30,0,-3.85777183138162e+31,1.28592394379387e+31,-6.89449617573518e+31,2.29816539191173e+31
8.36707341468294e+23,3500,4000,4000,CO2,-8.73867593475078e+29,0,8.75912345333594e+29,-2.91970781777865e+29,1.70620230777814e+30,-5.68734102592712e+29
8.3868773754751e+23,4000,4000,2500,CO2,-0.0,0,-1.96388164627674e+31,6.5462721542558e+30,-4.05129153994156e+31,1.35043051331385e+31
8.40668133626726e+23,5000,2500,1000,CO2,6.67393227945995e+30,0,-4.4890678044275e+31,1.49635593480917e+31,-8.23361064874771e+31,2.7445368829159e+31
8.42648529705941e+23,1500,2000,2500,CO2,-3.22952285988697e+29,0,1.86997771887918e+31,-6.23325906293061e+30,2.17664019458439e+31,-7.25546731528129e+30
8.44628925785157e+23,3500,3500,3000,CO2,-0.0,0,-7.74218456269665e+30,2.58072818756555e+30,-1.48952606035856e+31,4.96508686786188e+30
8.46609321864373e+23,1000,2500,3500,CO2,-4.90834657321125e+29,0,3.55108559171621e+31,-1.18369519723874e+31,4.16122375228491e+31,-1.38707458409497e+31
8.50570114022805e+23,1000,4000,1500,CO2,-9.88642821543628e+29,0,-2.98046350942798e+31,9.93487836475992e+30,-4.58946856363297e+31,1.52982285454432e+31
8.64432886577315e+23,2000,4500,1000,CO2,-2.46418990039324e+30,0,-5.33816746618944e+31,1.77938915539648e+31,-1.04580741284588e+32,3.48602470948626e+31
8.78295659131826e+23,1500,2500,2500,CO2,-6.98221489960975e+29,0,7.05581604802119e+30,-2.35193868267373e+30,9.06029976054571e+30,-3.0200999201819e+30
8.80276055211042e+23,5000,3000,2500,CO2,5.53816378292784e+30,0,-1.37502666905863e+31,4.58342223019544e+30,-2.64486040254786e+31,8.81620134182621e+30
8.94138827765553e+23,5000,1500,1000,CO2,1.19007988750619e+31,0,-2.80703825917299e+31,9.35679419724329e+30,-4.23990701374196e+31,1.41330233791399e+31
8.96119223844769e+23,3000,4500,5000,CO2,-2.52934821768444e+30,0,7.20876894892681e+30,-2.4029229829756e+30,1.45859151789196e+31,-4.86197172630653e+30
9.15923184636928e+23,1500,1500,4500,CO2,-0.0,0,9.33007046176574e+31,-3.11002348725525e+31,1.01893460594097e+32,-3.39644868646989e+31
9.15923184636928e+23,3000,4500,2000,CO2,-2.64413421447602e+30,0,-3.59801434752722e+31,1.19933811584241e+31,-7.53361838715541e+31,2.5112061290518e+31
9.21864372874575e+23,3500,2000,1500,CO2,3.66076518309568e+30,0,-2.66866084997864e+31,8.89553616659548e+30,-4.05862124520964e+31,1.35287374840321e+31
9.39687937587518e+23,3000,4000,1000,CO2,-1.90589941250843e+30,0,-6.42008680594186e+31,2.14002893531395e+31,-1.27997349981067e+32,4.26657833270222e+31
9.41668333666734e+23,5000,1500,5000,CO2,1.31995775748486e+31,0,1.04416314417669e+32,-3.4805438139223e+31,1.61206413889365e+32,-5.3735471296455e+31
9.43648729745949e+23,2500,2000,1500,CO2,8.56974191222347e+29,0,-2.49617043488044e+31,8.32056811626814e+30,-3.41104356290386e+31,1.13701452096795e+31
9.45629125825165e+23,4500,2000,2500,CO2,8.19676969656534e+30,0,1.1872625788274e+31,-3.95754192942466e+30,1.99869920597193e+31,-6.6623306865731e+30
9.49589917983597e+23,1000,3500,1500,CO2,-1.02880299793951e+30,0,-3.39098970074104e+31,1.13032990024701e+31,-4.73928349643641e+31,1.5797611654788e+31
9.49589917983597e+23,1500,4500,5000,CO2,-2.37265889744798e+30,0,2.06607374177026e+31,-6.88691247256754e+30,3.84648736164034e+31,-1.28216245388011e+31
9.53550710142029e+23,3500,4500,5000,CO2,-2.19605167513295e+30,0,6.3340427204457e+30,-2.1113475734819e+30,1.29972340158677e+31,-4.33241133862257e+30
9.55531106221244e+23,4000,4000,2500,CO2,-0.0,0,-2.54920278378569e+31,8.49734261261896e+30,-5.25875054188022e+31,1.75291684729341e+31
9.5751150230046e+23,3000,3500,3000,CO2,-1.01684161455452e+30,0,-8.7215327904969e+30,2.9071775968323e+30,-1.6458707045771e+31,5.48623568192366e+30
9.61472294458892e+23,3500,3500,1000,CO2,-0.0,0,-6.6901251490406e+31,2.23004171634687e+31,-1.29566452399586e+32,4.31888174665286e+31
9.63452690538108e+23,1000,4500,3000,CO2,-1.47546147245858e+30,0,1.44524606283803e+30,-4.81748687612676e+29,1.32539025662337e+30,-4.41796752207788e+29
9.75335067013403e+23,4000,4000,3500,CO2,-0.0,0,-7.21470158187736e+30,2.40490052729245e+30,-1.47392104756046e+31,4.91307015853486e+30
9.79295859171834e+23,1500,3500,2500,CO2,-1.71193801983469e+30,0,-1.19448405661696e+31,3.98161352205652e+30,-1.98093413474611e+31,6.60311378248702e+30
9.8127625525105e+23,4000,3000,2000,CO2,2.90577740680593e+30,0,-3.28797745375618e+31,1.09599248458539e+31,-6.12259898308296e+31,2.04086632769432e+31
9.87217443488698e+23,1000,2500,5000,CO2,-6.67392848123352e+29,0,7.90145134320462e+31,-2.63381711440154e+31,9.73978552726388e+31,-3.24659517575463e+31
9.89197839567914e+23,2000,5000,2000,CO2,-3.81429197932028e+30,0,-4.07476359149041e+31,1.3582545304968e+31,-8.49844607804917e+31,2.83281535934973e+31
9.9117823564713e+23,3500,4000,1000,CO2,-1.22647599351533e+30,0,-6.99308036819159e+31,2.3310267893972e+31,-1.43034788311744e+32,4.76782627705814e+31
1.01494298859772e+24,5000,4500,3000,CO2,1.5812953025786e+30,0,-1.98345168314409e+31,6.61150561048029e+30,-4.29725175736885e+31,1.43241725245628e+31
1.01692338467694e+24,4500,5000,4000,CO2,-1.43565077410649e+30,0,-8.36527964123064e+30,2.78842654707688e+30,-1.83335525815042e+31,6.11118419383475e+30
1.03078615723145e+24,3500,4000,5000,CO2,-1.32604542871779e+30,0,1.41164277439681e+31,-4.70547591465604e+30,2.80214572598176e+31,-9.34048575327254e+30
1.03276655331066e+24,5000,2000,3500,CO2,1.28105026940512e+31,0,4.79279805196315e+31,-1.59759935065439e+31,8.15432132079393e+31,-2.71810710693131e+31
1.03474694938988e+24,3500,3000,2000,CO2,1.43082015097121e+30,0,-3.64359399679681e+31,1.2145313322656e+31,-6.60904270648233e+31,2.20301423549411e+31
1.03870774154831e+24,4000,2000,5000,CO2,7.0982184046823e+30,0,8.79405592481528e+31,-2.93135197493843e+31,1.41354224446371e+32,-4.71180748154571e+31
1.04464892978596e+24,1000,1000,1000,CO2,-0.0,0,-0.0,-0.0,-0.0,-0.0
1.04464892978596e+24,5000,3500,4500,CO2,5.54797584965125e+30,0,1.25283933926003e+31,-4.17613113086677e+30,2.50617039139853e+31,-8.35390130466178e+30
1.0505901180236e+24,3500,2000,4000,CO2,4.75448976531069e+30,0,7.11452239649697e+31,-2.37150746549899e+31,1.10910062193063e+32,-3.6970020731021e+31
1.0505901180236e+24,4500,5000,4000,CO2,-1.53228293129112e+30,0,-8.92833789450806e+30,2.97611263150269e+30,-1.95675648961712e+31,6.52252163205707e+30
1.05257051410282e+24,2000,2500,4500,CO2,-7.7359142183639e+29,0,6.58798596033972e+31,-2.19599532011324e+31,9.81898316930101e+31,-3.272994389767e+31
1.05851170234047e+24,4000,4500,3000,CO2,-1.5014837044394e+30,0,-2.20614325817815e+31,7.35381086059385e+30,-4.71315947563766e+31,1.57105315854589e+31
1.06643328665733e+24,2500,1500,5000,CO2,2.2316279486601e+30,0,1.44919081720301e+32,-4.83063605734335e+31,1.86879912581849e+32,-6.22933041939497e+31
1.06841368273655e+24,2500,4500,5000,CO2,-3.95424202237673e+30,0,1.35112570132727e+31,-4.50375233775757e+30,2.68470244838321e+31,-8.94900816127735e+30
1.06841368273655e+24,5000,2000,1000,CO2,1.37101061743834e+31,0,-6.15288264463612e+31,2.05096088154537e+31,-1.03899718122187e+32,3.46332393740623e+31
1.07435487097419e+24,1500,4000,5000,CO2,-2.5538481543422e+30,0,3.5692295075561e+31,-1.18974316918537e+31,6.27972370781906e+31,-2.09324123593969e+31
1.08227645529106e+24,4000,2000,5000,CO2,7.70617810523495e+30,0,9.54726346252182e+31,-3.18242115417394e+31,1.53461159886619e+32,-5.11537199622064e+31
1.08227645529106e+24,4500,3500,4500,CO2,3.7065471562065e+30,0,1.49606330162853e+31,-4.98687767209509e+30,2.95296360552219e+31,-9.84321201840731e+30
1.1119823964793e+24,5000,1000,1000,CO2,2.23554893457595e+31,0,-8.86901924942122e+30,2.95633974980707e+30,-1.12410122313458e+31,3.74700407711526e+30
1.1119823964793e+24,5000,5000,3000,CO2,-0.0,0,-2.52054966935896e+31,8.40183223119654e+30,-5.61807340606039e+31,1.87269113535346e+31
1.11990398079616e+24,2500,1000,3000,CO2,3.74570136457866e+30,0,1.23896128783248e+32,-4.1298709594416e+31,1.33767030614236e+32,-4.45890102047453e+31
1.11990398079616e+24,3000,1000,4000,CO2,6.38191544123932e+30,0,1.78840502767563e+32,-5.96135009225211e+31,2.09458892077248e+32,-6.98196306924159e+31
1.12188437687538e+24,5000,4000,3000,CO2,4.05581228693912e+30,0,-2.11882731977907e+31,7.06275773259691e+30,-4.43729475691027e+31,1.47909825230342e+31
1.12584516903381e+24,4500,2000,1500,CO2,1.16187228177741e+31,0,-4.10178388851285e+31,1.36726129617095e+31,-6.70752197266134e+31,2.23584065755378e+31
1.12782556511302e+24,3000,1000,4500,CO2,6.47251481227169e+30,0,2.00985643740997e+32,-6.69952145803324e+31,2.37419839569208e+32,-7.91399465230694e+31
1.12980596119224e+24,4000,4500,5000,CO2,-1.70980245425987e+30,0,7.01944728889156e+30,-2.33981576296385e+30,1.45735004358234e+31,-4.85783347860779e+30
1.12980596119224e+24,4500,3500,2500,CO2,4.03948741164439e+30,0,-3.08351887973087e+31,1.02783962657696e+31,-6.16141983021154e+31,2.05380661007051e+31
1.13376675335067e+24,3500,1500,1000,CO2,7.65592984689809e+30,0,-4.29473825714238e+31,1.43157941904746e+31,-5.74280868684798e+31,1.91426956228266e+31
1.13574714942989e+24,4000,3500,3500,CO2,1.86822674818917e+30,0,-1.63002351443392e+30,5.43341171477972e+29,-3.09168347548412e+30,1.03056115849471e+30
1.13574714942989e+24,4500,4500,5000,CO2,-0.0,0,5.6726242999691e+30,-1.89087476665636e+30,1.19010307999012e+31,-3.96701026663374e+30
1.1377275455091e+24,2500,1000,3000,CO2,3.86587776752211e+30,0,1.27871189698833e+32,-4.26237298996109e+31,1.38058787753143e+32,-4.60195959177144e+31
1.14168833766753e+24,4500,5000,4500,CO2,-1.80920844352076e+30,0,-4.34802620190894e+30,1.44934206730298e+30,-9.49258822890798e+30,3.16419607630266e+30
1.15159031806361e+24,1500,3000,4000,CO2,-1.78870487590357e+30,0,5.03468960409389e+31,-1.6782298680313e+31,7.53601073726565e+31,-2.51200357908855e+31
1.15159031806361e+24,3000,3500,4000,CO2,-1.4707739603452e+30,0,1.4815620192026e+31,-4.93854006400866e+30,2.76056360286441e+31,-9.2018786762147e+30
1.15357071414283e+24,4500,2500,3000,CO2,9.27232992640402e+30,0,1.29466115684592e+31,-4.31553718948639e+30,2.35279156658383e+31,-7.84263855527945e+30
1.15555111022204e+24,2000,2000,3000,CO2,-0.0,0,5.63405325170387e+31,-1.87801775056796e+31,7.39553461382359e+31,-2.46517820460786e+31
1.15951190238048e+24,4500,2000,3500,CO2,1.23239911421829e+31,0,6.30108142164517e+31,-2.10036047388172e+31,1.04532300159484e+32,-3.48441000531614e+31
1.15951190238048e+24,5000,1500,2500,CO2,2.00132042963881e+31,0,5.70825261084947e+31,-1.90275087028316e+31,8.8388743445747e+31,-2.94629144819157e+31
1.16743348669734e+24,3000,1500,3500,CO2,5.07638921507381e+30,0,1.18527014711565e+32,-3.95090049038551e+31,1.58177084769416e+32,-5.27256949231385e+31
1.16743348669734e+24,5000,3500,1000,CO2,6.92919875620131e+30,0,-9.12746758039902e+31,3.04248919346634e+31,-1.87974976095142e+32,6.26583253650474e+31
1.17139427885577e+24,3000,4500,1500,CO2,-4.32498960302657e+30,0,-7.85921883414938e+31,2.61973961138313e+31,-1.64790191158279e+32,5.49300637194264e+31
1.17337467493499e+24,3500,3000,3000,CO2,1.83987911655808e+30,0,-2.44756101502102e+30,8.15853671673672e+29,-4.30858786987518e+30,1.43619595662506e+30
1.17931586317263e+24,3000,3500,4500,CO2,-1.54238800057896e+30,0,2.63111445792698e+31,-8.77038152642326e+30,4.90371834993992e+31,-1.63457278331331e+31
1.17931586317263e+24,4000,4000,5000,CO2,-0.0,0,1.59191777701078e+31,-5.30639259003592e+30,3.20427009179668e+31,-1.06809003059889e+31
1.18327665533107e+24,3500,1000,2500,CO2,1.07822574487804e+31,0,1.14084521189937e+32,-3.8028173729979e+31,1.3618972541145e+32,-4.53965751371499e+31
1.18921784356871e+24,2000,2500,1500,CO2,-9.87500842543427e+29,0,-5.65012860165298e+31,1.88337620055099e+31,-8.05316367130193e+31,2.68438789043398e+31
1.19515903180636e+24,2000,4000,1500,CO2,-3.82374007968414e+30,0,-8.10305600554133e+31,2.70101866851378e+31,-1.49535719885825e+32,4.98452399619418e+31
1.20110022004401e+24,2500,3000,2000,CO2,-1.33139388644287e+30,0,-4.5799137520172e+31,1.52663791733907e+31,-7.71275864717911e+31,2.5709195490597e+31
1.20110022004401e+24,3500,5000,4500,CO2,-5.06153180126264e+30,0,-2.59280061799846e+30,8.64266872666155e+29,-5.81544620123961e+30,1.93848206707987e+30
1.20110022004401e+24,4000,2500,3000,CO2,6.8133312572688e+30,0,1.59527827889065e+31,-5.31759426296884e+30,2.81560478400228e+31,-9.38534928000761e+30
1.20308061612322e+24,2500,5000,2500,CO2,-6.14216198635787e+30,0,-4.39937628033671e+31,1.46645876011224e+31,-9.43822916832868e+31,3.1460763894429e+31
1.20506101220244e+24,1500,3000,3000,CO2,-1.95869795242344e+30,0,1.85098452535477e+31,-6.16994841784925e+30,2.66986949444687e+31,-8.89956498148955e+30
1.21100220044009e+24,4500,1000,5000,CO2,2.08970574222024e+31,0,2.58995901949817e+32,-8.63319673166058e+31,3.44896586960657e+32,-1.14965528986886e+32
1.2129825965193e+24,4000,2500,4500,CO2,6.94874173963933e+30,0,6.61800445822563e+31,-2.20600148607521e+31,1.15003124347324e+32,-3.83343747824413e+31
1.22090418083617e+24,2500,1500,4000,CO2,2.92495915046389e+30,0,1.53333997878909e+32,-5.1111332626303e+31,1.94995697812352e+32,-6.49985659374505e+31
1.22090418083617e+24,4000,1500,4500,CO2,1.28174230442281e+31,0,1.6785609209301e+32,-5.59520306976701e+31,2.44743603158543e+32,-8.15812010528476e+31
1.23674734946989e+24,3500,1500,2000,CO2,9.10987644278199e+30,0,3.04615632394118e+31,-1.01538544131373e+31,4.21961505804834e+31,-1.40653835268278e+31
1.23674734946989e+24,5000,2000,4000,CO2,1.83706055442355e+31,0,8.73499638367499e+31,-2.911665461225e+31,1.48116444959594e+32,-4.93721483198647e+31
1.24070814162833e+24,2500,1000,4000,CO2,4.59738370166692e+30,0,2.10466297380251e+32,-7.01554324600835e+31,2.33230210282351e+32,-7.77434034274502e+31
1.24466893378676e+24,5000,1000,4500,CO2,2.80088778179462e+31,0,2.52980776627366e+32,-8.43269255424553e+31,3.46249368859166e+32,-1.15416456286389e+32
1.24862972594519e+24,3000,1000,4500,CO2,7.93334832868754e+30,0,2.46347697472971e+32,-8.21158991576569e+31,2.91005017689958e+32,-9.70016725633194e+31
1.24862972594519e+24,4500,4000,3500,CO2,2.35796176694712e+30,0,-1.26636267037772e+31,4.22120890125906e+30,-2.60827703391006e+31,8.69425677970021e+30
1.25457091418284e+24,5000,4500,4000,CO2,2.41584041403672e+30,0,-8.93934869599379e+30,2.9797828986646e+30,-1.90427558965834e+31,6.34758529886113e+30
1.26051210242048e+24,4000,1500,2500,CO2,1.36625681780224e+31,0,7.08236385491049e+31,-2.36078795163683e+31,1.02370037586634e+32,-3.41233458622113e+31
1.2624924984997e+24,2500,1000,4000,CO2,4.76024274968901e+30,0,2.17921916283596e+32,-7.26406387611988e+31,2.41492224610805e+32,-8.04974082036017e+31
1.2624924984997e+24,4000,1500,5000,CO2,1.37054619305685e+31,0,1.96379476999761e+32,-6.54598256665868e+31,2.86695106860691e+32,-9.55650356202305e+31
1.26645329065813e+24,3000,2500,1500,CO2,1.88199789807347e+30,0,-7.22520857332131e+31,2.40840285777377e+31,-1.16373445030277e+32,3.87911483434257e+31
1.26843368673735e+24,4000,2500,1500,CO2,7.5986538197308e+30,0,-7.37970254245913e+31,2.45990084748637e+31,-1.28090148634102e+32,4.26967162113674e+31
1.27239447889578e+24,4000,4000,2000,CO2,-0.0,0,-6.65351829835517e+31,2.21783943278506e+31,-1.37876340277077e+32,4.59587800923589e+31
1.274374874975e+24,1000,5000,1500,CO2,-2.93988841434567e+30,0,-7.08911689699249e+31,2.36303896566416e+31,-1.28414902336664e+32,4.28049674455547e+31
1.29219843968794e+24,3500,1500,1000,CO2,9.94509496938304e+30,0,-5.57888861184233e+31,1.85962953728078e+31,-7.45994006264845e+31,2.48664668754948e+31
1.31002200440088e+24,1500,4500,1000,CO2,-4.52027078359317e+30,0,-1.1708676503034e+32,3.90289216767801e+31,-2.15451671901746e+32,7.18172239672488e+31
1.3120024004801e+24,3000,4500,4000,CO2,-5.4237783503921e+30,0,-4.10831555244841e+30,1.3694385174828e+30,-8.86786327765599e+30,2.95595442588533e+30
1.31794358871774e+24,1000,4500,2000,CO2,-2.76145852938557e+30,0,-4.58471712071484e+31,1.52823904023828e+31,-7.87401764855658e+31,2.62467254951886e+31
1.32388477695539e+24,4000,5000,4000,CO2,-4.52491957329824e+30,0,-1.35546134758533e+31,4.5182044919511e+30,-2.96720541740082e+31,9.89068472466939e+30
1.32586517303461e+24,3500,5000,5000,CO2,-6.16589757606286e+30,0,4.5719332312855e+30,-1.52397774376183e+30,9.50419424762817e+30,-3.16806474920939e+30
1.32784556911382e+24,2000,3500,1000,CO2,-3.59133738602077e+30,0,-1.26799285549912e+32,4.22664285166373e+31,-2.16151334105897e+32,7.20504447019655e+31
1.32982596519304e+24,2500,5000,3500,CO2,-7.50201549423326e+30,0,-1.9968472259113e+31,6.65615741970434e+30,-4.31054376013532e+31,1.43684792004511e+31
1.33180636127225e+24,1500,2500,4500,CO2,-1.60541833280365e+30,0,1.15417702094474e+32,-3.84725673648248e+31,1.59033524549309e+32,-5.30111748497696e+31
1.33180636127225e+24,3500,3000,3000,CO2,2.37027119511351e+30,0,-3.15313289877431e+30,1.05104429959144e+30,-5.55064820708736e+30,1.85021606902912e+30
1.33378675735147e+24,3500,3000,2500,CO2,2.37732890061442e+30,0,-2.94797784743307e+31,9.82659282477689e+30,-5.33586806102256e+31,1.77862268700752e+31
1.33972794558912e+24,3000,1000,1500,CO2,9.13319617824936e+30,0,3.82917443833106e+31,-1.27639147944368e+31,4.2366067464302e+31,-1.41220224881007e+31
1.34368873774755e+24,4000,3000,4000,CO2,5.44844035641374e+30,0,3.34565147042387e+31,-1.11521715680796e+31,6.21223139654492e+31,-2.07074379884831e+31
1.34566913382677e+24,2500,5000,1500,CO2,-7.68584190108552e+30,0,-1.02162820955081e+32,3.40542736516938e+31,-2.19127431140542e+32,7.30424770468474e+31
1.35359071814363e+24,2500,3000,5000,CO2,-1.69080784332983e+30,0,7.94475576727503e+31,-2.64825192242501e+31,1.35148364062703e+32,-4.50494546875676e+31
1.35359071814363e+24,3000,3500,4500,CO2,-2.03192695913569e+30,0,3.46620461104905e+31,-1.15540153701635e+31,6.46011088747525e+31,-2.15337029582508e+31
1.35557111422284e+24,2500,3500,2000,CO2,-3.32087739888527e+30,0,-7.01602399738473e+31,2.33867466579491e+31,-1.27369238322089e+32,4.24564127740297e+31
1.36349269853971e+24,2500,3000,1000,CO2,-1.71574983976607e+30,0,-1.31857341095068e+32,4.39524470316893e+31,-2.19881562671007e+32,7.32938542236691e+31
1.36547309461892e+24,3500,5000,5000,CO2,-6.53979108051512e+30,0,4.84917042455373e+30,-1.61639014151791e+30,1.00805185297629e+31,-3.3601728432543e+30
1.36943388677736e+24,3000,4000,2000,CO2,-4.04769179620626e+30,0,-7.8836779259958e+31,2.6278926419986e+31,-1.57100418619079e+32,5.23668062063596e+31
1.36943388677736e+24,3500,1500,4000,CO2,1.1169467156304e+31,0,1.90435923546114e+32,-6.34786411820381e+31,2.67122585032027e+32,-8.90408616773423e+31
1.37141428285657e+24,1500,3500,4000,CO2,-3.35715495886986e+30,0,4.80484778829085e+31,-1.60161592943028e+31,7.7738183668488e+31,-2.5912727889496e+31
1.37141428285657e+24,4000,4000,2000,CO2,-0.0,0,-7.72938856028632e+31,2.57646285342877e+31,-1.60170868927381e+32,5.33902896424605e+31
1.37141428285657e+24,5000,2000,3500,CO2,2.25891130686389e+31,0,8.45127312304635e+31,-2.81709104101545e+31,1.43787399068237e+32,-4.79291330227457e+31
1.37339467893579e+24,2500,4000,1500,CO2,-5.00727120675291e+30,0,-1.09673594459755e+32,3.65578648199182e+31,-2.11729895550667e+32,7.05766318502224e+31
1.375375075015e+24,4000,2500,4000,CO2,8.93391811087332e+30,0,6.76433343443393e+31,-2.25477781147798e+31,1.17875751716768e+32,-3.92919172389228e+31
1.38527705541108e+24,1000,5000,4000,CO2,-3.4700412523308e+30,0,3.04617592881696e+31,-1.01539197627232e+31,5.43265654472745e+31,-1.81088551490915e+31
1.39121824364873e+24,4500,4000,1500,CO2,2.92742298222763e+30,0,-1.04891487619116e+32,3.49638292063719e+31,-2.21539243959263e+32,7.38464146530876e+31
1.39319863972795e+24,5000,1000,1000,CO2,3.5092510621733e+31,0,-1.39221355167386e+31,4.64071183891286e+30,-1.76455695076234e+31,5.88185650254112e+30
1.39517903580716e+24,1500,2000,4500,CO2,-8.85325944017304e+29,0,1.69392818918475e+32,-5.64642729728248e+31,2.09485476361528e+32,-6.98284921205092e+31
1.39517903580716e+24,1500,3000,5000,CO2,-2.62528970837912e+30,0,1.0832545752768e+32,-3.61084858425601e+31,1.64979653878307e+32,-5.49932179594357e+31
1.40904180836167e+24,5000,4500,5000,CO2,3.04668001612082e+30,0,7.05077442518802e+30,-2.35025814172934e+30,1.49388913627161e+31,-4.97963045423869e+30
1.41498299659932e+24,3000,2500,5000,CO2,2.34926564069731e+30,0,1.18869551527837e+32,-3.96231838426124e+31,1.94934985350574e+32,-6.49783284501915e+31
1.41696339267854e+24,3500,4000,4500,CO2,-2.5060173350895e+30,0,1.57167551225728e+31,-5.23891837419092e+30,3.12628097285014e+31,-1.04209365761671e+31
1.42092418483697e+24,1000,1500,1500,CO2,-4.55718621994369e+29,0,8.62253939277714e+30,-2.87417979759238e+30,6.81084307744553e+30,-2.27028102581518e+30
1.4248849769954e+24,2000,2000,1000,CO2,-0.0,0,-9.50094468425349e+31,3.16698156141783e+31,-1.18754175977766e+32,3.95847253259218e+31
1.42884576915383e+24,4500,1000,1500,CO2,2.90915674759191e+31,0,4.51343981509264e+31,-1.50447993836421e+31,5.81002984090632e+31,-1.93667661363544e+31
1.43280656131226e+24,3500,3500,1000,CO2,-0.0,0,-1.48571605603873e+32,4.95238685346244e+31,-2.87735960636922e+32,9.5911986878974e+31
1.45261052210442e+24,3000,3500,4000,CO2,-2.3401747750783e+30,0,2.35733984863196e+31,-7.85779949543986e+30,4.39238216245431e+31,-1.46412738748477e+31
1.45459091818364e+24,1000,1000,4000,CO2,-0.0,0,1.99630472800396e+32,-6.65434909334654e+31,1.63094281566872e+32,-5.43647605222907e+31
1.45459091818364e+24,4500,2500,4500,CO2,1.47427484862258e+31,0,8.98257501373349e+31,-2.9941916712445e+31,1.59589205854062e+32,-5.31964019513542e+31
1.46845369073815e+24,4000,1000,2000,CO2,2.32290566903149e+31,0,1.15823037492509e+32,-3.86076791641698e+31,1.43409617508931e+32,-4.78032058363104e+31
1.47241448289658e+24,4000,2000,3500,CO2,1.42635378500439e+31,0,1.06087713246113e+32,-3.53625710820378e+31,1.70966333497277e+32,-5.69887778324258e+31
1.47439487897579e+24,2500,1000,3000,CO2,6.49230927190708e+30,0,2.14745359376335e+32,-7.15817864587784e+31,2.31854290719722e+32,-7.72847635732407e+31
1.47637527505501e+24,1500,4500,2000,CO2,-5.7407313644805e+30,0,-8.03943023707224e+31,2.67981007902408e+31,-1.50659209512038e+32,5.02197365040127e+31
1.47835567113423e+24,1000,5000,3000,CO2,-3.95438953797632e+30,0,-4.94981890207352e+30,1.64993963402451e+30,-1.20084505284006e+31,4.00281684280021e+30
1.48429685937187e+24,4000,1500,3000,CO2,1.89443555751412e+31,0,1.46301883783532e+32,-4.87672945945107e+31,2.11941616635765e+32,-7.06472055452551e+31
1.49221844368874e+24,3500,4500,1000,CO2,-5.38138014886294e+30,0,-1.52852899225697e+32,5.09509664085657e+31,-3.27528895829405e+32,1.09176298609802e+32
1.49617923584717e+24,1000,5000,4000,CO2,-4.04788906918309e+30,0,3.55343967071989e+31,-1.18447989023996e+31,6.33732841915269e+31,-2.11244280638423e+31
1.49617923584717e+24,5000,1500,3500,CO2,3.33221813098821e+31,0,1.81837074836756e+32,-6.06123582789188e+31,2.81208264595056e+32,-9.37360881983521e+31
1.5001400280056e+24,3500,3500,4000,CO2,-0.0,0,2.01472568705997e+31,-6.71575229019988e+30,3.85456925553357e+31,-1.28485641851119e+31
1.50212042408482e+24,2000,1500,5000,CO2,1.61289308509121e+30,0,2.84829096246095e+32,-9.49430320820316e+31,3.44513503637641e+32,-1.1483783454588e+32
1.50410082016403e+24,3000,2500,4500,CO2,2.65454426234097e+30,0,1.15609580872386e+32,-3.85365269574619e+31,1.89525914393436e+32,-6.31753047978121e+31
1.5120224044809e+24,3000,2500,3500,CO2,2.68260488864711e+30,0,6.68447424762878e+31,-2.22815808254293e+31,1.09431748606171e+32,-3.64772495353903e+31
1.51796359271854e+24,1000,3500,4500,CO2,-2.62860268140006e+30,0,1.05397967017606e+32,-3.51326556725353e+31,1.55791543859784e+32,-5.19305146199279e+31
1.51796359271854e+24,3000,4000,3000,CO2,-4.97313567965442e+30,0,-3.55613262098687e+31,1.18537754032896e+31,-7.08812979092296e+31,2.36270993030765e+31
1.52390478095619e+24,1000,4500,5000,CO2,-3.68814277701043e+30,0,8.09046721096537e+31,-2.69682240365512e+31,1.40377352980873e+32,-4.67924509936242e+31
1.52588517703541e+24,2000,3000,2000,CO2,-3.20692556438111e+30,0,-6.65675170788394e+31,2.21891723596131e+31,-1.05987257740121e+32,3.53290859133737e+31
1.53380676135227e+24,1500,3500,4500,CO2,-4.19907145067654e+30,0,8.06071042134919e+31,-2.68690347378306e+31,1.31738086521589e+32,-4.39126955071963e+31
1.53578715743149e+24,4000,5000,5000,CO2,-6.08655131062024e+30,0,3.39562041654801e+30,-1.13187347218267e+30,7.08921043871363e+30,-2.36307014623788e+30
1.53578715743149e+24,4500,3500,1000,CO2,7.46419426173941e+30,0,-1.62631202667762e+32,5.4210400889254e+31,-3.29335082220805e+32,1.09778360740268e+32
1.54172834566913e+24,2500,2500,3000,CO2,-0.0,0,4.19104804158657e+31,-1.39701601386219e+31,6.52300126199884e+31,-2.17433375399961e+31
1.54172834566913e+24,4000,3500,4500,CO2,3.44239363939631e+30,0,3.41295809558284e+31,-1.13765269852761e+31,6.63239579981018e+31,-2.21079859993673e+31
1.54568913782757e+24,2000,1000,1500,CO2,3.43062806032577e+30,0,4.6548085580004e+31,-1.5516028526668e+31,4.39769906122294e+31,-1.46589968707431e+31
1.55361072214443e+24,4000,4500,4000,CO2,-3.23404929909018e+30,0,-1.13845727593458e+31,3.79485758644861e+30,-2.41422708275798e+31,8.04742360919328e+30
1.56351270254051e+24,3500,5000,3500,CO2,-8.58038115212128e+30,0,-3.29908795056347e+31,1.09969598352116e+31,-7.21843066668648e+31,2.40614355556216e+31
1.56945389077816e+24,1500,3500,4500,CO2,-4.39652038156232e+30,0,8.43974151752615e+31,-2.81324717250872e+31,1.37932680885168e+32,-4.5977560295056e+31
1.58529705941188e+24,2000,2000,3500,CO2,-0.0,0,1.47669828504398e+32,-4.92232761681328e+31,1.95847922877195e+32,-6.52826409590648e+31
1.58925785157031e+24,2500,4000,3000,CO2,-6.70460787853167e+30,0,-3.45458437875613e+31,1.15152812625204e+31,-6.74454885378951e+31,2.24818295126317e+31
1.61500300060012e+24,4500,4500,1000,CO2,-0.0,0,-1.67448163752825e+32,5.58160545842748e+31,-3.69101690975585e+32,1.23033896991862e+32
1.62292458491698e+24,1500,2500,1000,CO2,-2.38401222602311e+30,0,-1.42259008564733e+32,4.74196695215776e+31,-1.80753935909891e+32,6.02513119699638e+31
1.62688537707541e+24,3000,3000,1500,CO2,-0.0,0,-1.41073296995972e+32,4.70244323319908e+31,-2.47220924727326e+32,8.24069749091085e+31
1.63084616923385e+24,3500,4000,3000,CO2,-3.32016589052447e+30,0,-4.3516812481938e+31,1.4505604160646e+31,-8.81738697703722e+31,2.93912899234574e+31
1.63084616923385e+24,4500,1500,1500,CO2,3.08365884716846e+31,0,-2.53635250348087e+31,8.45450834493623e+30,-3.62488124072158e+31,1.20829374690719e+31
1.63480696139228e+24,3500,3000,2000,CO2,3.57149211178809e+30,0,-9.09483082781943e+31,3.03161027593981e+31,-1.64969328092354e+32,5.49897760307848e+31
1.64074814962993e+24,1500,2000,1500,CO2,-1.22441679191802e+30,0,-5.14082847538744e+31,1.71360949179581e+31,-5.83554648222422e+31,1.94518216074141e+31
1.64074814962993e+24,3000,1500,1500,CO2,1.002708048898e+31,0,-1.85761250960407e+31,6.19204169868022e+30,-2.31071327485676e+31,7.70237758285588e+30
1.65263052610522e+24,2500,3000,4000,CO2,-2.52053605865986e+30,0,7.29409328593869e+31,-2.43136442864623e+31,1.23652278223939e+32,-4.12174260746463e+31
1.66055211042208e+24,1000,2500,2000,CO2,-1.88831683081772e+30,0,-3.94542649059783e+30,1.31514216353261e+30,-5.78033970165094e+30,1.92677990055031e+30
1.66055211042208e+24,1500,4500,3000,CO2,-7.26121581348218e+30,0,-2.61818353909014e+31,8.72727846363379e+30,-5.14073974686717e+31,1.71357991562239e+31
1.6625325065013e+24,1000,5000,2000,CO2,-5.00292925093343e+30,0,-7.78731479052517e+31,2.59577159684172e+31,-1.43904460915712e+32,4.79681536385708e+31
1.66649329865973e+24,4500,3000,2500,CO2,1.38181578886398e+31,0,-4.8968482939415e+31,1.63228276464717e+31,-9.25914376556171e+31,3.08638125518724e+31
1.66649329865973e+24,4500,4500,2000,CO2,-0.0,0,-1.116798355447e+32,3.72266118482334e+31,-2.4361277848254e+32,8.12042594941801e+31
1.66649329865973e+24,5000,4000,2000,CO2,8.94950371663085e+30,0,-1.08517184000001e+32,3.61723946666669e+31,-2.30631684363847e+32,7.68772281212822e+31
1.67639527905581e+24,5000,1500,3500,CO2,4.18330023390972e+31,0,2.28280096859227e+32,-7.60933656197424e+31,3.53031690248013e+32,-1.17677230082671e+32
1.69421884376875e+24,2000,4500,4000,CO2,-9.46126254085694e+30,0,9.95364368620783e+30,-3.31788122873595e+30,1.79879169618137e+31,-5.99597232060456e+30
1.69817963592719e+24,4000,1500,2500,CO2,2.47973664443607e+31,0,1.28543894174317e+32,-4.28479647247724e+31,1.85800158643833e+32,-6.1933386214611e+31
1.70808161632326e+24,1500,3000,3500,CO2,-3.93517904457611e+30,0,7.72625332984974e+31,-2.57541777661658e+31,1.14184712772367e+32,-3.80615709241223e+31
1.71006201240248e+24,5000,1500,1000,CO2,4.35301261749524e+31,0,-1.02674392603818e+32,3.42247975346061e+31,-1.55085124297837e+32,5.16950414326122e+31
1.71600320064013e+24,2500,3500,5000,CO2,-5.32076555817812e+30,0,8.56759399712546e+31,-2.85586466570849e+31,1.55138883783495e+32,-5.17129612611648e+31
1.72590518103621e+24,3500,3000,4000,CO2,3.9805690293976e+30,0,6.14640769553782e+31,-2.04880256517927e+31,1.11428245368632e+32,-3.71427484562107e+31
1.72590518103621e+24,4500,4500,4000,CO2,-0.0,0,-1.58054818566787e+31,5.26849395222623e+30,-3.35821197900665e+31,1.11940399300222e+31
1.72986597319464e+24,4500,3000,3000,CO2,1.48890658264548e+31,0,-1.16454332452549e+31,3.88181108175163e+30,-2.14244269851349e+31,7.14147566171163e+30
1.73382676535307e+24,4500,4000,2000,CO2,4.54677396880753e+30,0,-1.20703613047241e+32,4.02345376824138e+31,-2.53606906507329e+32,8.45356355024431e+31
1.74174834966993e+24,4500,1000,2500,CO2,4.32282078508804e+31,0,2.53970389007375e+32,-8.46567963357915e+31,3.3004485521062e+32,-1.10014951736873e+32
1.76353270654131e+24,5000,3000,4500,CO2,2.22272686128576e+31,0,7.07844785432316e+31,-2.35948261810772e+31,1.35386628899124e+32,-4.51288762997078e+31
1.76749349869974e+24,2000,1500,4000,CO2,2.23313009570401e+30,0,3.17908050483335e+32,-1.05969350161112e+32,3.76967129622131e+32,-1.25655709874044e+32
1.77937587517504e+24,5000,3500,2500,CO2,1.60972650669494e+31,0,-7.5650512994793e+31,2.5216837664931e+31,-1.53230255530966e+32,5.10767518436553e+31
1.78333666733347e+24,2000,3000,5000,CO2,-4.38006802711215e+30,0,1.54550179512924e+32,-5.15167265043081e+31,2.51385674536316e+32,-8.37952248454386e+31
1.78531706341268e+24,3000,4000,4500,CO2,-6.87801339612444e+30,0,3.17420908955945e+31,-1.05806969651982e+31,6.1893930670857e+31,-2.0631310223619e+31
1.78531706341268e+24,5000,2000,3000,CO2,3.82818250546787e+31,0,9.60601408793624e+31,-3.20200469597875e+31,1.64209723710212e+32,-5.47365745700708e+31
1.79125825165033e+24,3000,5000,4000,CO2,-1.31239635214991e+31,0,-1.92259429916104e+31,6.40864766387013e+30,-4.20898099081763e+31,1.40299366360588e+31
1.79323864772955e+24,4000,1000,3000,CO2,3.46407465499318e+31,0,3.48395930199023e+32,-1.16131976733008e+32,4.38717725507235e+32,-1.46239241835745e+32
1.80908181636327e+24,2000,1000,1000,CO2,4.69943603213474e+30,0,-1.0351714068118e+31,3.45057135603933e+30,-9.23443441817226e+30,3.07814480605742e+30
1.81106221244249e+24,4500,3000,2000,CO2,1.6319616638218e+31,0,-1.11215770951005e+32,3.70719236503351e+31,-2.11665812295007e+32,7.05552707650023e+31
1.8130426085217e+24,4000,1000,2500,CO2,3.54100944225366e+31,0,2.72715492499009e+32,-9.09051641663363e+31,3.4059558747753e+32,-1.1353186249251e+32
1.81502300460092e+24,4000,1000,3500,CO2,3.54874929534604e+31,0,4.27894745066815e+32,-1.42631581688938e+32,5.42751729656904e+32,-1.80917243218968e+32
1.81700340068014e+24,3500,3500,1000,CO2,-0.0,0,-2.38930820107649e+32,7.96436067025496e+31,-4.6273302876421e+32,1.54244342921403e+32
1.82888577715543e+24,4500,4500,1500,CO2,-0.0,0,-1.76265656121335e+32,5.87552187071115e+31,-3.86774077210968e+32,1.28924692403656e+32
1.83482696539308e+24,4500,3000,4000,CO2,1.6750547143349e+31,0,5.66035150655735e+31,-1.88678383551912e+31,1.0723269553877e+32,-3.57442318462568e+31
1.83878775755151e+24,5000,5000,3500,CO2,-0.0,0,-4.64337214332038e+31,1.54779071444013e+31,-1.02672902827748e+32,3.42243009425826e+31
1.84076815363073e+24,3000,2000,5000,CO2,8.18246437692887e+30,0,2.98300214458829e+32,-9.94334048196096e+31,4.49230673022792e+32,-1.49743557674264e+32
1.84274854970994e+24,3500,1500,2000,CO2,2.02247269154688e+31,0,6.76273494821681e+31,-2.25424498273894e+31,9.36791654348346e+31,-3.12263884782782e+31
1.84868973794759e+24,1500,4000,1000,CO2,-7.56552681158226e+30,0,-2.34123433795258e+32,7.80411445984193e+31,-3.99944948719667e+32,1.33314982906556e+32
1.85463092618524e+24,3500,3500,4000,CO2,-0.0,0,3.07940860887887e+31,-1.02646953629296e+31,5.89151854530189e+31,-1.96383951510063e+31
1.86453290658132e+24,1000,2500,2500,CO2,-2.38072869175836e+30,0,6.28995175024678e+31,-2.0966505834156e+31,6.96582918017675e+31,-2.32194306005892e+31
1.86453290658132e+24,1000,5000,4500,CO2,-6.28381615991457e+30,0,7.89196138308618e+31,-2.63065379436206e+31,1.43707828275341e+32,-4.79026094251136e+31
1.86849369873975e+24,1000,3500,2500,CO2,-3.98325546249316e+30,0,-3.86529263757066e+30,1.28843087919022e+30,-8.7678603923703e+30,2.9226201307901e+30
1.86849369873975e+24,1500,1000,2500,CO2,1.57985916663831e+30,0,2.16428611632155e+32,-7.21428705440517e+31,1.90985590551435e+32,-6.3661863517145e+31
1.87245449089818e+24,4000,3500,1500,CO2,5.07806084096507e+30,0,-1.94947153685268e+32,6.49823845617561e+31,-3.8609183492652e+32,1.2869727830884e+32
1.88433686737347e+24,2000,2500,2500,CO2,-2.47931485647958e+30,0,1.27861098323646e+31,-4.26203661078819e+30,1.80137318393902e+31,-6.00457727979674e+30
1.88631726345269e+24,4000,1000,1000,CO2,3.83301520824215e+31,0,-2.29178757821424e+31,7.63929192738079e+30,-2.67200008505051e+31,8.90666695016837e+30
1.88631726345269e+24,4500,4500,5000,CO2,-0.0,0,1.56476883883438e+31,-5.21589612944794e+30,3.28284778983073e+31,-1.09428259661024e+31
1.88829765953191e+24,1000,4500,2500,CO2,-5.66829889625983e+30,0,-4.03065905233388e+31,1.34355301744463e+31,-7.25914956454753e+31,2.41971652151584e+31
1.89027805561112e+24,4500,4500,2500,CO2,-0.0,0,-1.03645503882712e+32,3.45485012942374e+31,-2.24630500311071e+32,7.48768334370235e+31
1.90216043208642e+24,4000,2500,2500,CO2,1.70881631769609e+31,0,-1.90270630155649e+31,6.34235433852163e+30,-3.21337483949399e+31,1.071124946498e+31
1.90414082816563e+24,1000,1500,2500,CO2,-8.18376393084536e+29,0,1.62004243686043e+32,-5.40014145620144e+31,1.39084204353034e+32,-4.63614014510114e+31
1.90612122424485e+24,3000,2000,5000,CO2,8.77378470326599e+30,0,3.19857409459589e+32,-1.0661913648653e+32,4.8169512577635e+32,-1.6056504192545e+32
1.90810162032406e+24,3500,5000,3000,CO2,-1.2781107571736e+31,0,-7.74055691712885e+31,2.58018563904295e+31,-1.69937228659791e+32,5.6645742886597e+31
1.90810162032406e+24,5000,5000,3500,CO2,-0.0,0,-5.00003777104651e+31,1.6666792570155e+31,-1.10559390106223e+32,3.68531300354076e+31
1.91008201640328e+24,2000,1500,3000,CO2,2.60797015587211e+30,0,2.48763021973206e+32,-8.2921007324402e+31,2.87668507463933e+32,-9.58895024879777e+31
1.91602320464093e+24,2500,2000,5000,CO2,3.53299730133777e+30,0,3.35237895361717e+32,-1.11745965120572e+32,4.8288563745772e+32,-1.60961879152573e+32
1.91800360072014e+24,4500,1500,5000,CO2,4.26517637059161e+31,0,4.43669834671764e+32,-1.47889944890588e+32,6.67198570300147e+32,-2.22399523433382e+32
1.92394478895779e+24,1500,4500,1500,CO2,-9.74943997799999e+30,0,-1.97109328696774e+32,6.57031095655912e+31,-3.6553254391925e+32,1.21844181306417e+32
1.93186637327465e+24,1500,1000,5000,CO2,1.68883811059844e+30,0,5.21184721332404e+32,-1.73728240444135e+32,5.06781291307362e+32,-1.68927097102454e+32
1.93384676935387e+24,1000,2500,2500,CO2,-2.56102559883981e+30,0,6.76630121845244e+31,-2.25543373948415e+31,7.4933640735022e+31,-2.49778802450073e+31
1.93582716543309e+24,4000,5000,2000,CO2,-9.67920850707428e+30,0,-1.52140095723308e+32,5.07133652411027e+31,-3.40160911761892e+32,1.13386970587297e+32
1.93978795759152e+24,4500,3000,2500,CO2,1.87219691467883e+31,0,-6.63465010419705e+31,2.21155003473235e+31,-1.25450443757801e+32,4.18168145859338e+31
1.94176835367073e+24,2000,1000,5000,CO2,5.41405836376705e+30,0,5.8441116920075e+32,-1.94803723066916e+32,6.1983576067618e+32,-2.06611920225393e+32
1.94176835367073e+24,3000,4500,5000,CO2,-1.18760460439024e+31,0,3.38473253143785e+31,-1.12824417714595e+31,6.84852323006303e+31,-2.28284107668768e+31
1.94572914582917e+24,3500,1000,2000,CO2,2.91542499747857e+31,0,1.99677222227767e+32,-6.65590740759225e+31,2.35825601894256e+32,-7.86085339647521e+31
1.94770954190838e+24,3000,2500,1500,CO2,4.4513235666242e+30,0,-1.70891483083605e+32,5.69638276945351e+31,-2.75247841096311e+32,9.1749280365437e+31
1.9496899379876e+24,1500,2500,1500,CO2,-3.44066900193273e+30,0,-1.28439593310207e+32,4.28131977700691e+31,-1.65787271142243e+32,5.5262423714081e+31
1.9496899379876e+24,3000,1500,4500,CO2,1.4158621147652e+31,0,4.40228394637183e+32,-1.46742798212394e+32,5.93969902540611e+32,-1.97989967513537e+32
1.95563112622525e+24,3000,4000,1000,CO2,-8.25479997301456e+30,0,-2.78065736547393e+32,9.2688578849131e+31,-5.54380002551667e+32,1.84793334183889e+32
1.95761152230446e+24,3500,4500,3000,CO2,-9.26026002693278e+30,0,-7.4949356341375e+31,2.49831187804583e+31,-1.5856696676863e+32,5.28556555895434e+31
1.96355271054211e+24,3500,5000,1500,CO2,-1.35381791718729e+31,0,-2.08476749591521e+32,6.94922498638402e+31,-4.63546188025864e+32,1.54515396008621e+32
1.96355271054211e+24,4500,2000,1500,CO2,3.53415979658234e+31,0,-1.24767239398078e+32,4.15890797993593e+31,-2.04028057664034e+32,6.8009352554678e+31
1.96553310662132e+24,3500,4000,4500,CO2,-4.82200367124521e+30,0,3.02417105580002e+31,-1.00805701860001e+31,6.01549642827551e+31,-2.00516547609184e+31
1.96949389877976e+24,4500,5000,4500,CO2,-5.38397154495632e+30,0,-1.2939166535309e+31,4.31305551176965e+30,-2.82487211992947e+31,9.4162403997649e+30
1.97345469093819e+24,2000,2000,1500,CO2,-0.0,0,-9.58310456768468e+31,3.19436818922823e+31,-1.21149383626125e+32,4.03831278753751e+31
1.97939587917584e+24,1000,4000,5000,CO2,-5.35127065899211e+30,0,1.68289931405379e+32,-5.60966438017931e+31,2.724983693798e+32,-9.08327897932667e+31
1.9873174634927e+24,2000,3500,4500,CO2,-8.04353888678882e+30,0,1.07199948176289e+32,-3.57333160587631e+31,1.86126722795284e+32,-6.20422409317614e+31
1.98929785957191e+24,4500,2500,1500,CO2,2.75740249734599e+31,0,-1.80251152985723e+32,6.00837176619078e+31,-3.2179442721683e+32,1.07264809072277e+32
1.98929785957191e+24,4500,5000,1000,CO2,-5.49635393499377e+30,0,-2.40503304637906e+32,8.01677682126353e+31,-5.47994284078798e+32,1.82664761359599e+32
1.99325865173035e+24,1500,3500,2500,CO2,-7.09230683871587e+30,0,-4.948571353243e+31,1.64952378441433e+31,-8.20671808682779e+31,2.73557269560926e+31
1.99523904780956e+24,2500,4500,1000,CO2,-1.38014609407729e+31,0,-2.85315026893103e+32,9.51050089643677e+31,-5.82141050357505e+32,1.94047016785835e+32
1.99523904780956e+24,4500,4000,1500,CO2,6.02122451151764e+30,0,-2.15744427824765e+32,7.19148092749218e+31,-4.5566955444735e+32,1.5188985148245e+32
1.99919983996799e+24,3000,3000,1000,CO2,-0.0,0,-2.86027643139256e+32,9.53425477130854e+31,-5.00247189858004e+32,1.66749063286001e+32
2.01108221644329e+24,1000,1000,2000,CO2,-0.0,0,1.34609814573429e+32,-4.4869938191143e+31,9.82987672985504e+31,-3.27662557661835e+31
2.01900380076015e+24,3500,4000,4500,CO2,-5.08792947833633e+30,0,3.19094926328893e+31,-1.06364975442964e+31,6.34724145623602e+31,-2.11574715207867e+31
2.02098419683937e+24,2500,5000,3500,CO2,-1.73266329390068e+31,0,-4.61191248474958e+31,1.53730416158319e+31,-9.95561920084042e+31,3.31853973361347e+31
2.03286657331466e+24,1500,4500,1000,CO2,-1.08849144517768e+31,0,-2.81947582745798e+32,9.39825275819326e+31,-5.18812506908848e+32,1.72937502302949e+32
2.03880776155231e+24,3500,4500,5000,CO2,-1.00393945839526e+31,0,2.89564926464298e+31,-9.65216421547662e+30,5.94177096389901e+31,-1.98059032129967e+31
2.04276855371074e+24,3000,4000,4000,CO2,-9.00546190783038e+30,0,1.27050885419288e+31,-4.23502951397626e+30,2.43369915667471e+31,-8.11233052224903e+30
2.05069013802761e+24,2500,2500,3500,CO2,-0.0,0,1.36206333007536e+32,-4.54021110025119e+31,2.12946928100913e+32,-7.09823093669711e+31
2.05663132626525e+24,3000,3500,4000,CO2,-4.69097172914077e+30,0,4.7253797894388e+31,-1.5751265964796e+31,8.80470158343877e+31,-2.93490052781292e+31
2.06653330666133e+24,2500,4000,4000,CO2,-1.13350732903972e+31,0,2.43055266397725e+31,-8.10184221325751e+30,4.55107462060861e+31,-1.5170248735362e+31
2.06653330666133e+24,4000,1000,4500,CO2,4.60039924581066e+31,0,6.9790484522604e+32,-2.3263494840868e+32,8.95443200341757e+32,-2.98481066780586e+32
2.08831766353271e+24,4000,1500,2500,CO2,3.7500013695455e+31,0,1.94391521487567e+32,-6.4797173829189e+31,2.80977760658369e+32,-9.36592535527896e+31
2.09623924784957e+24,1000,5000,2500,CO2,-7.95233764656935e+30,0,-6.22698795456372e+31,2.07566265152124e+31,-1.19182908304413e+32,3.97276361014711e+31
2.100200040008e+24,4500,1000,2000,CO2,6.28518029753655e+31,0,2.39143229176622e+32,-7.97144097255408e+31,3.08654402959969e+32,-1.02884800986656e+32
2.10614122824565e+24,3000,2000,4000,CO2,1.07118724428132e+31,0,2.9785740896648e+32,-9.92858029888268e+31,4.46542804814945e+32,-1.48847601604982e+32
2.11406281256251e+24,4500,3500,3000,CO2,1.41433457777718e+31,0,-5.41383494508691e+31,1.80461164836231e+31,-1.07369130626419e+32,3.57897102088065e+31
2.11406281256251e+24,5000,3000,3500,CO2,3.19420182589452e+31,0,2.86581242422228e+31,-9.55270808074092e+30,5.61834905763478e+31,-1.87278301921159e+31
2.11604320864173e+24,4000,3000,3000,CO2,1.35122620605393e+31,0,-1.35092698621459e+31,4.50308995404864e+30,-2.43610584913673e+31,8.12035283045576e+30
2.12792558511702e+24,2500,2500,4000,CO2,-0.0,0,2.02287930481305e+32,-6.74293101604348e+31,3.17432949148153e+32,-1.05810983049384e+32
2.12792558511702e+24,2500,5000,1000,CO2,-1.92198461850875e+31,0,-3.12408487104492e+32,1.04136162368164e+32,-6.70027173180342e+32,2.23342391060114e+32
2.12990598119624e+24,4000,4500,5000,CO2,-6.07657802382126e+30,0,2.49468697560819e+31,-8.31562325202729e+30,5.17937100030704e+31,-1.72645700010235e+31
2.14574914982997e+24,3500,5000,1000,CO2,-1.61677450166835e+31,0,-3.01247256539207e+32,1.00415752179736e+32,-6.71922585702371e+32,2.23974195234124e+32
2.14772954590918e+24,4500,5000,2500,CO2,-6.40583553755752e+30,0,-1.35131934668484e+32,4.50439782228279e+31,-3.02206339203978e+32,1.00735446401326e+32
2.15961192238448e+24,2500,4000,3000,CO2,-1.23804401330029e+31,0,-6.37908672072316e+31,2.12636224024105e+31,-1.24541934176083e+32,4.15139780586945e+31
2.16951390278056e+24,4500,2500,1000,CO2,3.2796342359381e+31,0,-3.04166990756311e+32,1.0138899691877e+32,-5.43995387684754e+32,1.81331795894918e+32
2.17347469493899e+24,3500,5000,2500,CO2,-1.65852564625591e+31,0,-1.44720973108253e+32,4.82403243694178e+31,-3.19068316604659e+32,1.06356105534886e+32
2.17743548709742e+24,1500,2000,5000,CO2,-2.15640501089481e+30,0,4.59816552194498e+32,-1.53272184064833e+32,5.74872828564838e+32,-1.91624276188279e+32
2.17743548709742e+24,2500,4000,4500,CO2,-1.25831867064528e+31,0,6.1428078886214e+31,-2.04760262954047e+31,1.16800341283477e+32,-3.89334470944925e+31
2.20714142828566e+24,5000,2000,3500,CO2,5.85089316392378e+31,0,2.18899679645829e+32,-7.29665598819431e+31,3.72429279410137e+32,-1.24143093136712e+32
2.21506301260252e+24,1500,3000,2000,CO2,-6.6179428053423e+30,0,-1.11174854421606e+32,3.7058284807202e+31,-1.63508679591917e+32,5.45028931973057e+31
2.22892578515703e+24,4500,5000,5000,CO2,-6.89421841624047e+30,0,3.01859682745072e+30,-1.00619894248357e+30,6.32075160069238e+30,-2.10691720023079e+30
2.23288657731546e+24,2000,3500,5000,CO2,-1.0153466928339e+31,0,1.70459177089047e+32,-5.6819725696349e+31,2.97091602283278e+32,-9.90305340944259e+31
2.23288657731546e+24,2000,4500,4000,CO2,-1.64340046032795e+31,0,1.72892598056715e+31,-5.76308660189051e+30,3.12446154915685e+31,-1.04148718305228e+31
2.23486697339468e+24,4000,1000,4500,CO2,5.38039375891446e+31,0,8.16234129459488e+32,-2.72078043153163e+32,1.04726497617974e+33,-3.49088325393245e+32
2.23882776555311e+24,4000,2500,4500,CO2,2.36721879216268e+31,0,2.25454695355266e+32,-7.51515651184221e+31,3.91779644880768e+32,-1.30593214960256e+32
2.24476895379076e+24,1000,4500,2000,CO2,-8.01102664930833e+30,0,-1.33003232323604e+32,4.43344107745348e+31,-2.28426262963819e+32,7.61420876546064e+31
2.25863172634527e+24,4000,5000,1500,CO2,-1.31771059994121e+31,0,-2.66958905406753e+32,8.89863018022511e+31,-6.00136100967491e+32,2.00045366989164e+32
2.26061212242449e+24,3500,1000,3000,CO2,3.9354029580411e+31,0,5.44556715424023e+32,-1.81518905141341e+32,6.56723416030785e+32,-2.18907805343595e+32
2.26457291458292e+24,5000,4000,2000,CO2,1.65258736039677e+31,0,-2.00384437330302e+32,6.67948124434338e+31,-4.25877253705632e+32,1.41959084568544e+32
2.26655331066213e+24,1500,3000,3000,CO2,-6.92917092662719e+30,0,6.54811944989074e+31,-2.18270648329691e+31,9.44504080168181e+31,-3.14834693389394e+31
2.26655331066213e+24,3000,2000,3000,CO2,1.24057440477024e+31,0,1.90932579071925e+32,-6.36441930239749e+31,2.84538826622423e+32,-9.48462755408078e+31
2.26655331066213e+24,4000,2500,4500,CO2,2.42621290238482e+31,0,2.3107331379135e+32,-7.70244379304499e+31,4.01543293103487e+32,-1.33847764367829e+32
2.26853370674135e+24,5000,1000,5000,CO2,9.30417141506333e+31,0,9.04435185714824e+32,-3.01478395238275e+32,1.24065971157441e+33,-4.1355323719147e+32
2.27249449889978e+24,1000,3500,2500,CO2,-5.89197053585731e+30,0,-5.71748173007662e+30,1.90582724335887e+30,-1.29692849431308e+31,4.32309498104361e+30
2.28041608321664e+24,4000,5000,1500,CO2,-1.34325164664196e+31,0,-2.72133341941209e+32,9.07111139804029e+31,-6.11768476226748e+32,2.03922825408916e+32
2.28635727145429e+24,3000,5000,3500,CO2,-2.13858777587286e+31,0,-6.67030666389956e+31,2.22343555463319e+31,-1.45077257277955e+32,4.83590857593183e+31
2.29031806361272e+24,1000,1000,1000,CO2,-0.0,0,-0.0,-0.0,-0.0,-0.0
2.29031806361272e+24,4000,2000,4000,CO2,3.4511060871698e+31,0,3.24607988623111e+32,-1.0820266287437e+32,5.22690696412423e+32,-1.74230232137474e+32
2.29427885577115e+24,3500,2500,4000,CO2,1.45771161648317e+31,0,2.01389924082059e+32,-6.71299746940196e+31,3.413345758084e+32,-1.13778191936133e+32
2.30814162832567e+24,1500,3000,3500,CO2,-7.18575105588658e+30,0,1.41083626422379e+32,-4.70278754741263e+31,2.08504596887668e+32,-6.95015322958894e+31
2.31012202440488e+24,4000,1000,2000,CO2,5.7488490440591e+31,0,2.86644940965878e+32,-9.55483136552927e+31,3.54917659169881e+32,-1.1830588638996e+32
2.31606321264253e+24,2500,2000,3000,CO2,5.16235447011259e+30,0,2.11879657071341e+32,-7.06265523571137e+31,2.98918186136386e+32,-9.96393953787954e+31
2.31606321264253e+24,3000,1500,1500,CO2,1.99798154204115e+31,0,-3.70145179400191e+31,1.2338172646673e+31,-4.60429381930981e+31,1.5347646064366e+31
2.31804360872174e+24,3000,3000,1000,CO2,-0.0,0,-3.84537585250205e+32,1.28179195083402e+32,-6.72535858090271e+32,2.24178619363424e+32
2.32002400480096e+24,3500,1000,3500,CO2,4.14497627414869e+31,0,6.88871937227821e+32,-2.2962397907594e+32,8.38305672262979e+32,-2.7943522408766e+32
2.32002400480096e+24,4000,4000,2000,CO2,-0.0,0,-2.21203890291337e+32,7.37346300971123e+31,-4.5838579651853e+32,1.52795265506177e+32
2.32200440088018e+24,1500,2000,4000,CO2,-2.45228462964172e+30,0,4.061951586731e+32,-1.35398386224367e+32,4.96221917145771e+32,-1.65407305715257e+32
2.32200440088018e+24,5000,5000,4000,CO2,-0.0,0,-4.45314470144571e+31,1.48438156714857e+31,-9.77026217410784e+31,3.25675405803595e+31
2.32794558911782e+24,5000,1500,4000,CO2,8.06699301723574e+31,0,5.19032665146065e+32,-1.73010888382022e+32,8.02422667533087e+32,-2.67474222511029e+32
2.33586717343469e+24,2000,3000,4500,CO2,-7.51494235955217e+30,0,2.22267679646442e+32,-7.4089226548814e+31,3.60060562320311e+32,-1.20020187440104e+32
2.3378475695139e+24,4000,3500,3500,CO2,7.91587007243296e+30,0,-6.90657831966921e+30,2.30219277322307e+30,-1.30997828399266e+31,4.36659427997552e+30
2.35963192638528e+24,2000,4000,3500,CO2,-1.49030559840548e+31,0,3.27043427293182e+30,-1.09014475764394e+30,3.2490678250337e+30,-1.08302260834457e+30
2.35963192638528e+24,3500,4000,5000,CO2,-6.94879940373718e+30,0,7.39735023897591e+31,-2.46578341299197e+31,1.46839226833387e+32,-4.89464089444623e+31
2.36557311462292e+24,1500,5000,1000,CO2,-1.70397304569185e+31,0,-3.73678303635803e+32,1.24559434545268e+32,-7.34179727703148e+32,2.44726575901049e+32
2.36557311462292e+24,3000,2500,3500,CO2,6.56618342120147e+30,0,1.63615164387342e+32,-5.45383881291138e+31,2.6785492581925e+32,-8.92849752730832e+31
2.36755351070214e+24,3500,3000,2500,CO2,7.49059083416559e+30,0,-9.28861624388541e+31,3.09620541462847e+31,-1.68124841202589e+32,5.60416137341964e+31
2.375475095019e+24,4000,2500,2500,CO2,2.66502973324339e+31,0,-2.96741599127182e+31,9.89138663757274e+30,-5.0115038126823e+31,1.6705012708941e+31
2.3873574714943e+24,1000,1500,3500,CO2,-1.2864408712402e+30,0,4.43198693469428e+32,-1.47732897823143e+32,4.01403879954026e+32,-1.33801293318009e+32
2.38933786757351e+24,1500,3000,5000,CO2,-7.69967660187054e+30,0,3.17706266112537e+32,-1.05902088704179e+32,4.83866590684116e+32,-1.61288863561372e+32
2.39131826365273e+24,5000,4500,2000,CO2,8.77870838850117e+30,0,-2.22860264771642e+32,7.42867549238806e+31,-4.90252407611248e+32,1.63417469203749e+32
2.39329865973195e+24,3000,3000,2000,CO2,-0.0,0,-1.91015318474356e+32,6.36717728247855e+31,-3.35395187902595e+32,1.11798395967532e+32
2.39725945189038e+24,2500,4000,5000,CO2,-1.52501542393211e+31,0,1.09200901235622e+32,-3.64003004118739e+31,2.08209657567249e+32,-6.9403219189083e+31
2.40122024404881e+24,3000,4500,2000,CO2,-1.81731153556416e+31,0,-2.47291266195514e+32,8.24304220651712e+31,-5.17785047542636e+32,1.72595015847545e+32
2.40122024404881e+24,4500,1500,3000,CO2,6.68504474523095e+31,0,3.75236289984503e+32,-1.25078763328168e+32,5.62889018711349e+32,-1.87629672903783e+32
2.40320064012803e+24,4500,4500,3000,CO2,-0.0,0,-1.12929246493549e+32,3.76430821645163e+31,-2.43129994688116e+32,8.10433315627055e+31
2.40716143228646e+24,1500,1500,1500,CO2,-0.0,0,-0.0,-0.0,-0.0,-0.0
2.4131026205241e+24,2000,3000,2000,CO2,-8.02041340006545e+30,0,-1.66483130110082e+32,5.54943767033607e+31,-2.65070580887994e+32,8.8356860295998e+31
2.41508301660332e+24,2000,1500,1500,CO2,4.16929588846338e+30,0,-1.7951828960249e+31,5.98394298674965e+30,-1.91436710680701e+31,6.38122368935671e+30
2.41508301660332e+24,2500,1000,5000,CO2,1.74194519574456e+31,0,9.62333805580777e+32,-3.20777935193592e+32,1.08831831695016e+33,-3.62772772316721e+32
2.42300460092018e+24,1500,2000,1500,CO2,-2.67026220189217e+30,0,-1.12113457238155e+32,3.73711524127184e+31,-1.27264174272378e+32,4.24213914241262e+31
2.4249849969994e+24,2000,2500,1000,CO2,-4.10613059602447e+30,0,-3.56412314656858e+32,1.18804104885619e+32,-5.03080910654759e+32,1.6769363688492e+32
2.42696539307862e+24,4500,5000,1000,CO2,-8.18092154297413e+30,0,-3.57971609786979e+32,1.19323869928993e+32,-8.15649482742418e+32,2.71883160914139e+32
2.43092618523705e+24,3500,3500,1000,CO2,-0.0,0,-4.27665519797445e+32,1.42555173265815e+32,-8.28252132498987e+32,2.76084044166329e+32
2.43290658131626e+24,1500,1000,3000,CO2,2.67846493160915e+30,0,4.82863708738624e+32,-1.60954569579541e+32,4.36222452911791e+32,-1.4540748430393e+32
2.43290658131626e+24,3500,3500,5000,CO2,-0.0,0,1.33101709682222e+32,-4.43672365607406e+31,2.53070570596556e+32,-8.43568568655185e+31
2.43290658131626e+24,4500,5000,3000,CO2,-8.21923894322359e+30,0,-1.23351550715639e+32,4.11171835718797e+31,-2.73908958513871e+32,9.13029861712904e+31
2.4368673734747e+24,1500,3500,3000,CO2,-1.06003274725369e+31,0,1.51011571357847e+31,-5.03371904526158e+30,2.05316789415712e+31,-6.84389298052372e+30
2.43884776955391e+24,4000,2500,1500,CO2,2.80912141407593e+31,0,-2.72817803433858e+32,9.09392678112861e+31,-4.73532270315972e+32,1.57844090105324e+32
2.44082816563313e+24,5000,1000,5000,CO2,1.07711392912226e+32,0,1.04703545653139e+33,-3.49011818843797e+32,1.4362717506194e+33,-4.78757250206468e+32
2.45271054210842e+24,3000,4500,2500,CO2,-1.89600145467368e+31,0,-1.80090878018668e+32,6.00302926728892e+31,-3.76524692308226e+32,1.25508230769409e+32
2.45271054210842e+24,4500,3500,3000,CO2,1.90374589994823e+31,0,-7.28721919243737e+31,2.42907306414579e+31,-1.44522763865605e+32,4.81742546218684e+31
2.45865173034607e+24,3500,2500,3500,CO2,1.67407279209995e+31,0,1.61384322530941e+32,-5.37947741769804e+31,2.73978104226608e+32,-9.13260347422028e+31
2.47053410682136e+24,3500,2500,2500,CO2,1.69029481352173e+31,0,-2.4974730031101e+31,8.32491001036701e+30,-4.08999654154496e+31,1.36333218051499e+31
2.47845569113823e+24,3000,3000,5000,CO2,-0.0,0,2.41262989281382e+32,-8.04209964271275e+31,4.24140741192718e+32,-1.41380247064239e+32
2.47845569113823e+24,4500,1500,5000,CO2,7.12197551975055e+31,0,7.40838227270257e+32,-2.46946075756752e+32,1.11408567234257e+33,-3.71361890780858e+32
2.48439687937588e+24,3000,4000,4500,CO2,-1.33190808686391e+31,0,6.14676726009779e+31,-2.0489224200326e+31,1.1985586831622e+32,-3.99519561054066e+31
2.49033806761352e+24,3000,3000,5000,CO2,-0.0,0,2.43581892722895e+32,-8.1193964240965e+31,4.2821737734552e+32,-1.4273912578184e+32
2.49231846369274e+24,4000,3500,2000,CO2,8.99666597999059e+30,0,-2.42728241912001e+32,8.09094139706669e+31,-4.79205202409209e+32,1.59735067469737e+32
2.49825965193039e+24,2000,5000,2000,CO2,-2.4328916298878e+31,0,-2.59902972537387e+32,8.66343241791291e+31,-5.42061238165178e+32,1.80687079388393e+32
2.5002400480096e+24,4000,1500,1500,CO2,5.37528774284302e+31,0,-5.57728827149536e+31,1.85909609049845e+31,-7.66575583202541e+31,2.55525194400847e+31
2.51410282056411e+24,1500,5000,4000,CO2,-1.92265165855363e+31,0,3.02006809541776e+31,-1.00668936513925e+31,5.45707766760937e+31,-1.81902588920312e+31
2.51410282056411e+24,4000,3500,3000,CO2,9.15454442734479e+30,0,-7.36785345764581e+31,2.45595115254861e+31,-1.44097146852931e+32,4.80323822843102e+31
2.51806361272254e+24,2000,3000,5000,CO2,-8.73268051421555e+30,0,3.08131593561314e+32,-1.02710531187105e+32,5.01195590567938e+32,-1.67065196855979e+32
2.52004400880176e+24,2500,3000,2000,CO2,-5.86090005705829e+30,0,-2.01611386711678e+32,6.72037955705594e+31,-3.39521670150532e+32,1.13173890050177e+32
2.53192638527706e+24,4000,5000,4000,CO2,-1.65505578606506e+31,0,-4.95779893933769e+31,1.6525996464459e+31,-1.08529895724384e+32,3.61766319081278e+31
2.53588717743549e+24,1000,4500,2000,CO2,-1.02236209070664e+31,0,-1.69737873335925e+32,5.65792911119749e+31,-2.91516133947899e+32,9.71720446492995e+31
2.53984796959392e+24,1500,2000,2500,CO2,-2.93400514483778e+30,0,1.69886527699499e+32,-5.66288425664998e+31,1.97746658142398e+32,-6.59155527141328e+31
2.53984796959392e+24,4500,1500,3500,CO2,7.47921022865183e+31,0,5.35747278341879e+32,-1.7858242611396e+32,8.04499777535015e+32,-2.68166592511672e+32
2.54182836567313e+24,3000,1500,2000,CO2,2.40648466562765e+31,0,1.34585653273237e+32,-4.48618844244122e+31,1.76495998640805e+32,-5.88319995469349e+31
2.54380876175235e+24,2000,2500,1000,CO2,-4.51838843741083e+30,0,-3.92196313253057e+32,1.30732104417686e+32,-5.53590519499158e+32,1.84530173166386e+32
2.54380876175235e+24,3500,5000,2500,CO2,-2.27186192349588e+31,0,-1.9823996636901e+32,6.60799887896701e+31,-4.37062375926749e+32,1.4568745864225e+32
2.54578915783157e+24,1500,3500,4000,CO2,-1.15685496945013e+31,0,1.65572102254312e+32,-5.51907007514375e+31,2.67881003989138e+32,-8.92936679963793e+31
2.54776955391078e+24,5000,3000,3000,CO2,4.63925119222403e+31,0,-2.92850600650028e+31,9.76168668833428e+30,-5.48033229334608e+31,1.82677743111536e+31
2.55371074214843e+24,1500,3500,4000,CO2,-1.16406560737058e+31,0,1.66604107570978e+32,-5.55347025236593e+31,2.6955069723206e+32,-8.98502324106867e+31
2.55371074214843e+24,2000,5000,2000,CO2,-2.542090589915e+31,0,-2.7156856995258e+32,9.05228566508599e+31,-5.66391349195001e+32,1.88797116398334e+32
2.55371074214843e+24,3500,3000,1500,CO2,8.71485727799554e+30,0,-3.48156853606876e+32,1.16052284535625e+32,-6.31861029830556e+32,2.10620343276852e+32
2.55569113822765e+24,3000,3500,3000,CO2,-7.24406012451638e+30,0,-6.21328897322711e+31,2.07109632440904e+31,-1.17253131367563e+32,3.9084377122521e+31
2.55965193038608e+24,4500,2500,4000,CO2,4.56521263438294e+31,0,2.20019799612592e+32,-7.33399332041972e+31,3.92490516323889e+32,-1.30830172107963e+32
2.56757351470294e+24,4000,1000,2500,CO2,7.10161031856486e+31,0,5.46939845020814e+32,-1.82313281673605e+32,6.83075596926017e+32,-2.27691865642006e+32
2.5754950990198e+24,3000,4000,2500,CO2,-1.43165924402129e+31,0,-1.83286918120534e+32,6.10956393735115e+31,-3.65105780743121e+32,1.21701926914374e+32
2.57945589117824e+24,3000,5000,4000,CO2,-2.72147793878331e+31,0,-3.98682757828914e+31,1.32894252609638e+31,-8.72804080299673e+31,2.90934693433224e+31
2.58341668333667e+24,3500,1000,4000,CO2,5.13956000640282e+31,0,9.75590554940051e+32,-3.25196851646684e+32,1.19657105239875e+33,-3.98857017466249e+32
2.58539707941588e+24,4000,5000,1500,CO2,-1.72656804473533e+31,0,-3.49790549877483e+32,1.16596849959161e+32,-7.86345510515555e+32,2.62115170171852e+32
2.59133826765353e+24,2500,4000,3000,CO2,-1.78251366848603e+31,0,-9.18449517948499e+31,3.06149839316166e+31,-1.79313253473736e+32,5.97710844912453e+31
2.59727945589118e+24,1500,4500,5000,CO2,-1.775008665443e+31,0,1.54564939740431e+32,-5.15216465801438e+31,2.87759374336204e+32,-9.59197914454012e+31
2.60322064412883e+24,3500,3000,2500,CO2,9.05604197886076e+30,0,-1.12298349345796e+32,3.74327831152652e+31,-2.03261084916748e+32,6.77536949722493e+31
2.61312262452491e+24,3500,3000,5000,CO2,9.12456552043803e+30,0,2.45600685355972e+32,-8.18668951186574e+31,4.42926387026251e+32,-1.4764212900875e+32
2.61510302060412e+24,4000,4500,4000,CO2,-9.16304503218613e+30,0,-3.22559563007999e+31,1.07519854336e+31,-6.84023941238564e+31,2.28007980412855e+31
2.61906381276255e+24,3500,2500,4500,CO2,1.89962797170975e+31,0,3.28114965179604e+32,-1.09371655059868e+32,5.55413076101785e+32,-1.85137692033928e+32
2.63094618923785e+24,2500,1000,1500,CO2,2.06726191875276e+31,0,1.42595923488854e+32,-4.75319744962846e+31,1.47108197358437e+32,-4.90360657861456e+31
2.63292658531706e+24,3000,4500,4000,CO2,-2.18428937562407e+31,0,-1.65452004731636e+31,5.51506682438788e+30,-3.5713073600197e+31,1.19043578667323e+31
2.63490698139628e+24,2000,5000,1500,CO2,-2.70656637480962e+31,0,-3.89093368302275e+32,1.29697789434092e+32,-8.08800960495741e+32,2.69600320165247e+32
2.6368873774755e+24,2500,2500,1000,CO2,-0.0,0,-4.44803284185655e+32,1.48267761395218e+32,-6.75857274607649e+32,2.2528575820255e+32
2.64480896179236e+24,4000,1500,5000,CO2,6.01484832985401e+31,0,8.61840903454043e+32,-2.87280301151348e+32,1.25820464382321e+33,-4.1940154794107e+32
2.64678935787157e+24,2500,3500,1000,CO2,-1.26604456763638e+31,0,-5.15213783925444e+32,1.71737927975148e+32,-9.28877377050188e+32,3.09625792350063e+32
2.64678935787157e+24,2500,3500,4000,CO2,-1.26597154725561e+31,0,9.98124911336787e+31,-3.32708303778929e+31,1.79930325321714e+32,-5.99767751072379e+31
2.65075015003001e+24,4000,5000,4500,CO2,-1.81367245841018e+31,0,-1.91214746825294e+31,6.37382489417648e+30,-4.20105656559815e+31,1.40035218853272e+31
2.65669133826765e+24,1000,2000,2000,CO2,-3.212342458112e+30,0,7.99120091132508e+31,-2.66373363710836e+31,7.54245901040806e+31,-2.51415300346935e+31
2.65669133826765e+24,2500,4000,1000,CO2,-1.87368146906286e+31,0,-5.18242090451834e+32,1.72747363483945e+32,-9.98524915597542e+32,3.32841638532514e+32
2.67055411082216e+24,3000,1500,1500,CO2,2.65639967825105e+31,0,-4.92123432962421e+31,1.64041144320807e+31,-6.12160040662476e+31,2.04053346887492e+31
2.67253450690138e+24,3000,1500,4000,CO2,2.66033970106747e+31,0,7.33027294274308e+32,-2.44342431424769e+32,9.84013934748277e+32,-3.28004644916092e+32
2.6745149029806e+24,1500,5000,1500,CO2,-2.1779628473014e+31,0,-3.78941539565316e+32,1.26313846521772e+32,-7.49351331276206e+32,2.49783777092069e+32
2.6745149029806e+24,2500,1500,2500,CO2,1.40361143034429e+31,0,3.3533103787525e+32,-1.11777012625083e+32,4.14560904244827e+32,-1.38186968081609e+32
2.6745149029806e+24,3000,3500,2500,CO2,-7.93338528967532e+30,0,-1.65601703972801e+32,5.52005679909335e+31,-3.11699029890742e+32,1.03899676630247e+32
2.68045609121824e+24,1000,1500,1500,CO2,-1.6217068749835e+30,0,3.06839148944314e+31,-1.02279716314771e+31,2.42368657106659e+31,-8.07895523688863e+30
2.68639727945589e+24,4500,1500,4500,CO2,8.36719874087334e+31,0,7.96143833840492e+32,-2.65381277946831e+32,1.19709319163103e+33,-3.99031063877009e+32
2.68837767553511e+24,2500,1000,4000,CO2,2.15849997668738e+31,0,9.88152234985372e+32,-3.29384078328458e+32,1.09503020875702e+33,-3.65010069585674e+32
2.69035807161432e+24,3000,1500,2000,CO2,2.69594375183419e+31,0,1.50774013319495e+32,-5.02580044398318e+31,1.97725458863587e+32,-6.59084862878624e+31
2.70818163632727e+24,2000,2500,3500,CO2,-5.12117471534891e+30,0,2.67214411521356e+32,-8.90714705071187e+31,3.92900330744747e+32,-1.30966776914916e+32
2.7121424284857e+24,1000,4500,1000,CO2,-1.16952046662391e+31,0,-4.28298035812018e+32,1.42766011937339e+32,-7.07789567657379e+32,2.35929855885793e+32
2.71808361672335e+24,2500,5000,5000,CO2,-3.13129742396123e+31,0,4.96731913873059e+31,-1.65577304624353e+31,1.01559015844167e+32,-3.38530052813889e+31
2.72402480496099e+24,5000,5000,5000,CO2,-0.0,0,-0.0,-0.0,-0.0,-0.0
2.72798559711942e+24,2500,3000,5000,CO2,-6.86757900975253e+30,0,3.22693309947609e+32,-1.07564436649203e+32,5.48934092008677e+32,-1.82978030669559e+32
2.72996599319864e+24,2500,4500,4500,CO2,-2.58224530618777e+31,0,4.76210397332468e+31,-1.58736799110823e+31,9.35617766289489e+31,-3.11872588763163e+31
2.7378875775155e+24,1000,1000,1000,CO2,-0.0,0,-0.0,-0.0,-0.0,-0.0
2.7378875775155e+24,1000,4500,1000,CO2,-1.19182931461274e+31,0,-4.36467910600466e+32,1.45489303533489e+32,-7.21290801986805e+32,2.40430267328935e+32
2.74184836967394e+24,1000,3000,4000,CO2,-6.86788364157461e+30,0,3.61719789396253e+32,-1.20573263132084e+32,4.80484839910797e+32,-1.60161613303599e+32
2.74184836967394e+24,1500,2500,2500,CO2,-6.80453741135003e+30,0,6.87626562010395e+31,-2.29208854003465e+31,8.82974092964753e+31,-2.94324697654918e+31
2.74382876575315e+24,4500,1000,2000,CO2,1.07277939971513e+32,0,4.08179109742624e+32,-1.36059703247541e+32,5.26823526855082e+32,-1.75607842285027e+32
2.75373074614923e+24,2000,4500,1000,CO2,-2.50065949027884e+31,0,-5.41717143345736e+32,1.80572381115245e+32,-1.0612851840354e+33,3.537617280118e+32
2.75373074614923e+24,3500,3500,3500,CO2,-0.0,0,-0.0,-0.0,-0.0,-0.0
2.75967193438688e+24,3000,2000,1500,CO2,1.83910223019352e+31,0,-2.29584121761518e+32,7.65280405871726e+31,-3.32960918106165e+32,1.10986972702055e+32
2.76165233046609e+24,2000,5000,4500,CO2,-2.969653558233e+31,0,4.0598280869323e+31,-1.35327602897743e+31,7.93946041344624e+31,-2.64648680448208e+31
2.76363272654531e+24,2500,1500,3000,CO2,1.49870964465851e+31,0,5.24372823544667e+32,-1.74790941181556e+32,6.54960569282959e+32,-2.18320189760986e+32
2.76561312262453e+24,3500,4500,3500,CO2,-1.84808048221698e+31,0,-8.35482931264269e+31,2.78494310421423e+31,-1.76370646136994e+32,5.87902153789979e+31
2.77947589517904e+24,3500,3500,2500,CO2,-0.0,0,-1.84984699347732e+32,6.16615664492441e+31,-3.56740189921068e+32,1.18913396640356e+32
2.79135827165433e+24,1500,3000,3500,CO2,-1.05094121367492e+31,0,2.06339735998133e+32,-6.87799119993777e+31,3.04945262375069e+32,-1.0164842079169e+32
2.79135827165433e+24,3500,5000,3500,CO2,-2.73485884625159e+31,0,-1.0515313604606e+32,3.50510453486865e+31,-2.30075897735157e+32,7.66919659117192e+31
2.79531906381276e+24,1000,3000,2000,CO2,-7.13851214146691e+30,0,-8.9023400125846e+31,2.96744667086153e+31,-1.17385820120176e+32,3.91286067067252e+31
2.80918183636727e+24,1000,4500,4000,CO2,-1.25397174528242e+31,0,1.67412143355504e+32,-5.5804047785168e+31,2.82259849317956e+32,-9.40866164393188e+31
2.80918183636727e+24,3000,3500,2500,CO2,-8.75242112145793e+30,0,-1.82698280579826e+32,6.0899426859942e+31,-3.43878567993428e+32,1.14626189331143e+32
2.81908381676335e+24,1500,4000,4000,CO2,-1.75886291522302e+31,0,1.30214843952991e+32,-4.34049479843304e+31,2.24273595063417e+32,-7.4757865021139e+31
2.83294658931786e+24,3000,5000,3500,CO2,-3.28333852866776e+31,0,-1.02408117705957e+32,3.41360392353189e+31,-2.22734719532257e+32,7.42449065107523e+31
2.83492698539708e+24,2500,3000,4500,CO2,-7.41681401999388e+30,0,2.87618046593064e+32,-9.58726821976882e+31,4.88620510700604e+32,-1.62873503566868e+32
2.8369073814763e+24,2500,2000,3000,CO2,7.7452835114164e+30,0,3.17891385378546e+32,-1.05963795126182e+32,4.48478714847754e+32,-1.49492904949251e+32
2.8369073814763e+24,2500,4500,1500,CO2,-2.79007529199304e+31,0,-4.65384010588917e+32,1.55128003529639e+32,-9.50457384359452e+32,3.16819128119817e+32
2.83888777755551e+24,4500,4000,5000,CO2,1.21867118010428e+31,0,8.0639351470732e+31,-2.68797838235773e+31,1.64200394165722e+32,-5.47334647219075e+31
2.84284856971394e+24,1000,1500,3000,CO2,-1.82415783306215e+30,0,5.03554537930996e+32,-1.67851512643665e+32,4.44628934247564e+32,-1.48209644749188e+32
2.84482896579316e+24,2500,3500,2000,CO2,-1.46258310772775e+31,0,-3.09000211372813e+32,1.03000070457604e+32,-5.60960475314656e+32,1.86986825104885e+32
2.84878975795159e+24,1500,3000,4000,CO2,-1.09462025365277e+31,0,3.08104108494269e+32,-1.0270136949809e+32,4.61175574343346e+32,-1.53725191447782e+32
2.85275055011002e+24,4500,1500,5000,CO2,9.43551813757311e+31,0,9.81496287235323e+32,-3.27165429078441e+32,1.47599153339506e+33,-4.91997177798353e+32
2.87255451090218e+24,1500,1500,3000,CO2,-0.0,0,5.4800942354184e+32,-1.8266980784728e+32,5.69623841270093e+32,-1.89874613756698e+32
2.87849569913983e+24,4000,1500,2500,CO2,7.12474741416665e+31,0,3.69330662463818e+32,-1.23110220821273e+32,5.3383862468607e+32,-1.7794620822869e+32
2.89433886777356e+24,2000,1000,2500,CO2,1.20289599536417e+31,0,5.85014291164798e+32,-1.95004763721599e+32,5.74429176651896e+32,-1.91476392217299e+32
2.89631926385277e+24,2000,3500,2500,CO2,-1.7086343252286e+31,0,-1.53858709134476e+32,5.12862363781587e+31,-2.69218065818274e+32,8.97393552727581e+31
2.91018203640728e+24,1500,3500,3000,CO2,-1.51180510166855e+31,0,2.15370765272349e+31,-7.1790255090783e+30,2.92820170415541e+31,-9.7606723471847e+30
2.91414282856571e+24,3000,3500,4500,CO2,-9.41792059655565e+30,0,1.60657545545637e+32,-5.35525151818791e+31,2.99424204741425e+32,-9.98080682471416e+31
2.91810362072414e+24,3000,5000,2500,CO2,-3.48470148670062e+31,0,-2.62700595108401e+32,8.75668650361336e+31,-5.72715675737864e+32,1.90905225245955e+32
2.92008401680336e+24,4000,2500,2000,CO2,4.02709441574679e+31,0,-2.09060559168669e+32,6.96868530562231e+31,-3.61836710178985e+32,1.20612236726328e+32
2.92008401680336e+24,4500,3500,5000,CO2,2.69813482876889e+31,0,1.56488565406064e+32,-5.21628551353548e+31,3.06887704911091e+32,-1.0229590163703e+32
2.92800560112022e+24,2000,3000,4000,CO2,-1.1808142066547e+31,0,2.68708589564068e+32,-8.95695298546894e+31,4.32963513317867e+32,-1.44321171105956e+32
2.93394678935787e+24,1000,3000,3000,CO2,-7.86407766360586e+30,0,1.99570631554854e+32,-6.65235438516181e+31,2.53540235874841e+32,-8.45134119582804e+31
2.9379075815163e+24,1000,2500,5000,CO2,-5.91060813769481e+30,0,6.99773495326892e+32,-2.33257831775631e+32,8.62581248191738e+32,-2.87527082730579e+32
2.9379075815163e+24,3500,4500,5000,CO2,-2.08464077085512e+31,0,6.01270172687525e+31,-2.00423390895842e+31,1.23378535417126e+32,-4.11261784723752e+31
2.93988797759552e+24,2500,5000,3500,CO2,-3.66648493117121e+31,0,-9.75925772118537e+31,3.25308590706179e+31,-2.10670635828986e+32,7.02235452763286e+31
2.93988797759552e+24,3000,3500,5000,CO2,-9.58447807015133e+30,0,2.19154737469042e+32,-7.30515791563473e+31,4.07960335634564e+32,-1.35986778544855e+32
2.9497899579916e+24,1500,2000,3500,CO2,-3.95755971432357e+30,0,5.35785249305116e+32,-1.78595083101705e+32,6.45537778476469e+32,-2.15179259492156e+32
2.9497899579916e+24,2000,1000,1000,CO2,1.24942879647422e+31,0,-2.75218761594649e+31,9.17395871982164e+30,-2.45513891503616e+31,8.18379638345385e+30
2.9497899579916e+24,2000,2000,3500,CO2,-0.0,0,5.11272752227869e+32,-1.70424250742623e+32,6.7807830185536e+32,-2.26026100618453e+32
2.96563312662533e+24,2000,1500,3000,CO2,6.28685486091504e+30,0,5.99675962697197e+32,-1.99891987565732e+32,6.93462749337724e+32,-2.31154249779241e+32
2.97157431486297e+24,2500,4500,4500,CO2,-3.05954055354452e+31,0,5.6423184085838e+31,-1.88077280286127e+31,1.10855482696394e+32,-3.69518275654647e+31
2.97949589917984e+24,2000,2500,4500,CO2,-6.19861738014023e+30,0,5.27880779455156e+32,-1.75960259818385e+32,7.86773457027889e+32,-2.62257819009296e+32
3.00128025605121e+24,5000,2500,5000,CO2,8.50622988997512e+31,0,4.25479240600731e+32,-1.41826413533577e+32,7.67047737132499e+32,-2.55682579044166e+32
3.00920184036807e+24,4500,2500,5000,CO2,6.30948634064367e+31,0,4.50857754574589e+32,-1.5028591819153e+32,7.98075177485787e+32,-2.66025059161929e+32
3.01316263252651e+24,4000,2000,4000,CO2,5.97326605228415e+31,0,5.61840125967494e+32,-1.87280041989165e+32,9.04686936264404e+32,-3.01562312088135e+32
3.01514302860572e+24,2500,4500,3500,CO2,-3.15087370736253e+31,0,-7.32887235813927e+31,2.44295745271309e+31,-1.52146049194448e+32,5.07153497314826e+31
3.02306461292259e+24,4000,5000,5000,CO2,-2.35832732763901e+31,0,1.31568502653732e+31,-4.38561675512439e+30,2.74682293071779e+31,-9.15607643572596e+30
3.0250450090018e+24,2500,5000,3500,CO2,-3.88196863030209e+31,0,-1.03328209551848e+32,3.44427365172826e+31,-2.23052000749033e+32,7.43506669163442e+31
3.02900580116023e+24,1000,3500,2500,CO2,-1.04677922649723e+31,0,-1.01577919755344e+31,3.38593065851147e+30,-2.30414900725862e+31,7.68049669086206e+30
3.02900580116023e+24,3500,2000,5000,CO2,3.95214822620218e+31,0,7.77458969395584e+32,-2.59152989798528e+32,1.21324674518354e+33,-4.04415581727846e+32
3.03098619723945e+24,1000,5000,4000,CO2,-1.66122811690984e+31,0,1.45830920557663e+32,-4.86103068525543e+31,2.60079957134617e+32,-8.66933190448723e+31
3.03494698939788e+24,2000,1000,1000,CO2,1.32260921774753e+31,0,-2.91338627706788e+31,9.71128759022625e+30,-2.5989391064467e+31,8.66313035482233e+30
3.03890778155631e+24,1000,4000,2500,CO2,-1.26192619010393e+31,0,-6.55541452973074e+31,2.18513817657691e+31,-1.12360188477277e+32,3.74533961590925e+31
3.04088817763553e+24,4000,4000,1500,CO2,-0.0,0,-5.15597329706012e+32,1.71865776568671e+32,-1.0726868357912e+33,3.57562278597066e+32
3.04682936587317e+24,3500,5000,2500,CO2,-3.25918700923662e+31,0,-2.84392777756132e+32,9.47975925853775e+31,-6.2700466217358e+32,2.0900155405786e+32
3.05475095019004e+24,5000,5000,2500,CO2,-0.0,0,-2.65326533154635e+32,8.84421777182118e+31,-5.9619524505193e+32,1.98731748350643e+32
3.06069213842769e+24,1000,3000,4500,CO2,-8.55787000701878e+30,0,5.40576825012575e+32,-1.80192275004192e+32,7.2919153142771e+32,-2.43063843809237e+32
3.06465293058612e+24,3000,3000,1500,CO2,-0.0,0,-5.00603061607391e+32,1.66867687202464e+32,-8.77271279875474e+32,2.92423759958491e+32
3.08643728745749e+24,2000,1500,2500,CO2,6.80947302244467e+30,0,4.48105997966215e+32,-1.49368665988738e+32,5.10717821141743e+32,-1.70239273713914e+32
3.09039807961592e+24,5000,2000,3500,CO2,1.14707203862959e+32,0,4.29154480780699e+32,-1.43051493593566e+32,7.30150424575244e+32,-2.43383474858415e+32
3.09633926785357e+24,1000,2500,3000,CO2,-6.56548373108617e+30,0,3.36276342813719e+32,-1.1209211427124e+32,3.85093109675317e+32,-1.28364369891772e+32
3.09633926785357e+24,1000,3000,5000,CO2,-8.75802591332829e+30,0,6.30955061981331e+32,-2.10318353993777e+32,8.62455270180582e+32,-2.87485090060194e+32
3.09831966393279e+24,1500,1000,3500,CO2,4.34397715654909e+30,0,9.4978801622184e+32,-3.1659600540728e+32,8.76580236451166e+32,-2.92193412150389e+32
3.100300060012e+24,4000,3000,4000,CO2,2.9005630102844e+31,0,1.78111023808704e+32,-5.93703412695679e+31,3.3071791965079e+32,-1.10239306550263e+32
3.100300060012e+24,5000,4500,3000,CO2,1.47549296360051e+31,0,-1.85074160237393e+32,6.16913867457975e+31,-4.00972842990058e+32,1.33657614330019e+32
3.10624124824965e+24,2500,1500,2500,CO2,1.89333392511725e+31,0,4.52328626305257e+32,-1.50776208768419e+32,5.59201932290825e+32,-1.86400644096942e+32
3.1121824364873e+24,1000,1500,3500,CO2,-2.18617547661072e+30,0,7.53171122427642e+32,-2.51057040809214e+32,6.82145085864606e+32,-2.27381695288202e+32
3.11416283256651e+24,5000,4500,2500,CO2,1.48877013085458e+31,0,-2.74190186901354e+32,9.1396728967118e+31,-5.98669561404503e+32,1.99556520468168e+32
3.11614322864573e+24,1000,2500,3000,CO2,-6.64973702415201e+30,0,3.40591697237346e+32,-1.13530565745782e+32,3.90034918071473e+32,-1.30011639357158e+32
3.11614322864573e+24,4500,3500,3000,CO2,3.07291967267619e+31,0,-1.1762619799288e+32,3.92087326642932e+31,-2.33280525643801e+32,7.77601752146004e+31
3.11812362472495e+24,1500,2000,2000,CO2,-4.42213594901125e+30,0,4.36941363296815e+31,-1.45647121098938e+31,4.87787599876221e+31,-1.62595866625407e+31
3.12208441688338e+24,5000,3500,2500,CO2,4.95571112104691e+31,0,-2.3289800286071e+32,7.76326676202366e+31,-4.71735340293786e+32,1.57245113431262e+32
3.13000600120024e+24,1000,1500,2500,CO2,-2.21128797028054e+30,0,4.37742386296253e+32,-1.45914128765418e+32,3.7581146101087e+32,-1.25270487003623e+32
3.13396679335867e+24,4500,1500,5000,CO2,1.13874619597658e+32,0,1.18454031581336e+33,-3.94846771937788e+32,1.78133274658679e+33,-5.93777582195597e+32
3.14386877375475e+24,1000,2500,5000,CO2,-6.76837991025509e+30,0,8.01327504236601e+32,-2.67109168078867e+32,9.87762588081283e+32,-3.29254196027094e+32
3.14584916983397e+24,3500,1000,2500,CO2,7.62101640957347e+31,0,8.06361758840387e+32,-2.68787252946796e+32,9.62603737766773e+32,-3.20867912588924e+32
3.14782956591318e+24,2500,1500,3000,CO2,1.94437159835415e+31,0,6.80302304507649e+32,-2.26767434835883e+32,8.49722114950308e+32,-2.83240704983436e+32
3.15575115023005e+24,3000,4000,4000,CO2,-2.14918185096186e+31,0,3.03210940078868e+31,-1.01070313359623e+31,5.80809969744973e+31,-1.93603323248324e+31
3.16565313062613e+24,3500,3000,1000,CO2,1.33919429415576e+31,0,-7.1288751071467e+32,2.37629170238223e+32,-1.29363025958906e+33,4.31210086529687e+32
3.16961392278456e+24,2500,2500,5000,CO2,-0.0,0,6.37726655198884e+32,-2.12575551732961e+32,1.00619083001251e+33,-3.35396943337503e+32
3.17159431886377e+24,5000,3500,2000,CO2,5.11414492518079e+31,0,-3.78261490871017e+32,1.26087163623672e+32,-7.71422389495824e+32,2.57140796498608e+32
3.17357471494299e+24,3500,1000,1000,CO2,7.75594211169584e+31,0,-5.94007412638656e+31,1.98002470879552e+31,-6.58614728254081e+31,2.1953824275136e+31
3.17951590318064e+24,2000,4000,1500,CO2,-2.70619427413509e+31,0,-5.73481547077417e+32,1.91160515692472e+32,-1.05831646634077e+33,3.52772155446923e+32
3.18149629925985e+24,4000,1000,4500,CO2,1.09036913594295e+32,0,1.65414752589679e+33,-5.51382508632263e+32,2.12234542367547e+33,-7.07448474558488e+32
3.18347669533907e+24,5000,5000,3000,CO2,-0.0,0,-2.06586903297648e+32,6.88623010992159e+31,-4.60463208309662e+32,1.53487736103221e+32
3.1874374874975e+24,1000,1000,2500,CO2,-0.0,0,5.15916446508113e+32,-1.71972148836038e+32,3.88750563832303e+32,-1.29583521277434e+32
3.1874374874975e+24,2500,4500,2000,CO2,-3.52203230908139e+31,0,-4.34249381631362e+32,1.44749793877121e+32,-8.87852975238686e+32,2.95950991746229e+32
3.18941788357672e+24,2500,5000,1500,CO2,-4.31755337310663e+31,0,-5.73903858415824e+32,1.91301286138608e+32,-1.23095737804263e+33,4.10319126014208e+32
3.19139827965593e+24,2500,1500,1000,CO2,1.99856770415091e+31,0,-3.01838696266602e+32,1.00612898755534e+32,-3.56315640317615e+32,1.18771880105872e+32
3.19139827965593e+24,3000,2000,3000,CO2,2.45953469422759e+31,0,3.78538603311524e+32,-1.26179534437175e+32,5.64120227889332e+32,-1.88040075963111e+32
3.20130026005201e+24,1000,3000,2500,CO2,-9.3626163140588e+30,0,7.34385255492819e+31,-2.44795085164273e+31,8.6363696251194e+31,-2.8787898750398e+31
3.21120224044809e+24,2500,3500,5000,CO2,-1.8632591079196e+31,0,3.00025388706798e+32,-1.00008462902266e+32,5.4327508897245e+32,-1.8109169632415e+32
3.21318263652731e+24,3000,2000,1500,CO2,2.49322676369314e+31,0,-3.11241684935898e+32,1.03747228311966e+32,-4.51387127184755e+32,1.50462375728252e+32
3.21318263652731e+24,4000,3000,3000,CO2,3.11565828229029e+31,0,-3.11496834098625e+31,1.03832278032875e+31,-5.61717448299381e+31,1.87239149433127e+31
3.22902580516103e+24,5000,4500,3000,CO2,1.60056279250276e+31,0,-2.00761929766726e+32,6.69206432555754e+31,-4.34961215760633e+32,1.44987071920211e+32
3.23892778555711e+24,2000,4500,1500,CO2,-3.45941788006458e+31,0,-5.97782587608983e+32,1.99260862536328e+32,-1.1754274886737e+33,3.91809162891232e+32
3.24090818163633e+24,2000,3500,4500,CO2,-2.13917405362481e+31,0,2.85097580699573e+32,-9.50325268998575e+31,4.95002836057456e+32,-1.65000945352485e+32
3.24288857771554e+24,3500,3500,1500,CO2,-0.0,0,-5.95171632497489e+32,1.9839054416583e+32,-1.15169558981438e+33,3.83898529938126e+32
3.25081016203241e+24,1000,1500,3000,CO2,-2.38527346229816e+30,0,6.58449205642666e+32,-2.19483068547555e+32,5.81397935095507e+32,-1.93799311698502e+32
3.25477095419084e+24,1500,1500,1000,CO2,-0.0,0,-2.25176307070299e+32,7.50587690234329e+31,-2.15412706662674e+32,7.18042355542247e+31
3.25477095419084e+24,2500,2500,2500,CO2,-0.0,0,-0.0,-0.0,-0.0,-0.0
3.25477095419084e+24,5000,2500,3000,CO2,1.00039933535714e+32,0,9.15766170862403e+31,-3.05255390287468e+31,1.70746778216529e+32,-5.69155927388431e+31
3.26665333066613e+24,3500,3000,2000,CO2,1.42601086497331e+31,0,-3.63134711476979e+32,1.2104490382566e+32,-6.586828330674e+32,2.195609443558e+32
3.27061412282457e+24,4000,4500,5000,CO2,-1.43283713243836e+31,0,5.88238992151367e+31,-1.96079664050456e+31,1.22127866421232e+32,-4.07092888070772e+31
3.27655531106221e+24,1500,1500,2000,CO2,-0.0,0,2.57573271259618e+32,-8.58577570865393e+31,2.56715343686577e+32,-8.5571781228859e+31
3.28645729145829e+24,1500,1500,2000,CO2,-0.0,0,2.59132432704028e+32,-8.63774775680094e+31,2.58269311860787e+32,-8.60897706202625e+31
3.29041808361672e+24,3500,5000,1000,CO2,-3.8018389842428e+31,0,-7.083817580158e+32,2.36127252671933e+32,-1.58002336014111e+33,5.26674453380369e+32
3.31022204440888e+24,1000,2500,3000,CO2,-7.50384580959138e+30,0,3.84338143119575e+32,-1.28112714373192e+32,4.40131974382576e+32,-1.46710658127525e+32
3.3122024404881e+24,1000,1500,3500,CO2,-2.47621681874882e+30,0,8.53094831912868e+32,-2.84364943970956e+32,7.72645724241454e+32,-2.57548574747151e+32
3.3122024404881e+24,4000,3000,3000,CO2,3.3106459766478e+31,0,-3.30991285664701e+31,1.103304285549e+31,-5.96871492870586e+31,1.98957164290195e+31
3.31418283656731e+24,1500,5000,2500,CO2,-3.3435187260879e+31,0,-2.67077967483161e+32,8.90259891610536e+31,-5.38884514872202e+32,1.79628171624067e+32
3.32012402480496e+24,2500,5000,1000,CO2,-4.67892032216546e+31,0,-7.6053387995598e+32,2.5351129331866e+32,-1.63112843193771e+33,5.43709477312571e+32
3.32210442088418e+24,1000,2500,2000,CO2,-7.55781756643912e+30,0,-1.57912131857776e+31,5.26373772859254e+30,-2.31352875874145e+31,7.71176252913815e+30
3.32210442088418e+24,2500,3500,2000,CO2,-1.99450343655393e+31,0,-4.2137912042239e+32,1.40459706807463e+32,-7.64973689272411e+32,2.5499122975747e+32
3.33596719343869e+24,2500,3000,5000,CO2,-1.02698254106129e+31,0,4.82557819812279e+32,-1.60852606604093e+32,8.20879858660058e+32,-2.73626619553353e+32
3.35577115423085e+24,3000,1000,1000,CO2,5.73025866407881e+31,0,-5.85310875573295e+31,1.95103625191098e+31,-6.12034335864772e+31,2.04011445288257e+31
3.36171234246849e+24,3000,3000,2500,CO2,-0.0,0,-1.73070723719034e+32,5.7690241239678e+31,-3.04329579973439e+32,1.0144319332448e+32
3.36567313462693e+24,1000,1500,4000,CO2,-2.5568108994627e+30,0,1.03349702067627e+33,-3.4449900689209e+32,9.57761241494161e+32,-3.1925374716472e+32
3.38547709541908e+24,5000,4000,1000,CO2,3.69347908560292e+31,0,-7.4424363269839e+32,2.48081210899463e+32,-1.59925445005954e+33,5.33084816686513e+32
3.38943788757752e+24,5000,2000,3000,CO2,1.37980362651233e+32,0,3.46232528254111e+32,-1.1541084275137e+32,5.9186617137588e+32,-1.9728872379196e+32
3.40132026405281e+24,5000,2000,4500,CO2,1.38949011685572e+32,0,7.76605245733672e+32,-2.58868415244557e+32,1.31289806517843e+33,-4.3763268839281e+32
3.40528105621124e+24,1000,5000,2000,CO2,-2.09889153019405e+31,0,-3.26703182015588e+32,1.08901060671863e+32,-6.0372601534746e+32,2.0124200511582e+32
3.40726145229046e+24,1000,2000,5000,CO2,-5.28377944148713e+30,0,1.13891109736503e+33,-3.79637032455011e+32,1.24861193701796e+33,-4.16203979005986e+32
3.40726145229046e+24,4500,2000,5000,CO2,1.06416163393208e+32,0,9.10051655155294e+32,-3.03350551718431e+32,1.50032713941095e+33,-5.00109046470316e+32
3.41122224444889e+24,4500,2000,2500,CO2,1.06664789980792e+32,0,1.54498806616151e+32,-5.14996022053838e+31,2.60091278554653e+32,-8.66970928515509e+31
3.41518303660732e+24,2500,4500,2500,CO2,-4.04311085828059e+31,0,-3.39935198650574e+32,1.13311732883525e+32,-6.96045828564927e+32,2.32015276188309e+32
3.42112422484497e+24,4500,4000,3500,CO2,1.77013792766247e+31,0,-9.50667065273834e+31,3.16889021757945e+31,-1.95805130019257e+32,6.52683766730855e+31
3.42310462092419e+24,1000,2000,1500,CO2,-5.33310315510886e+30,0,-1.18776184150187e+32,3.95920613833955e+31,-1.15330690779833e+32,3.84435635932778e+31
3.42904580916183e+24,2000,1500,1000,CO2,8.40514410178657e+30,0,-3.08670845637863e+32,1.02890281879288e+32,-3.3342703860684e+32,1.1114234620228e+32
3.42904580916183e+24,4000,1000,4500,CO2,1.26665190015587e+32,0,1.92157778292518e+33,-6.40525927641726e+32,2.4654704311314e+33,-8.218234770438e+32
3.43102620524105e+24,2000,2000,3500,CO2,-0.0,0,6.91701205556742e+32,-2.30567068518914e+32,9.17372531220243e+32,-3.05790843740081e+32
3.43498699739948e+24,1500,3500,1500,CO2,-2.1062744527435e+31,0,-5.81976295441378e+32,1.93992098480459e+32,-9.23369784772271e+32,3.07789928257424e+32
3.44092818563713e+24,2500,3000,1000,CO2,-1.09269649781628e+31,0,-8.3974977870662e+32,2.79916592902207e+32,-1.40034291652762e+33,4.66780972175873e+32
3.44884976995399e+24,4000,3500,1500,CO2,1.72275655809219e+31,0,-6.61367592887831e+32,2.20455864295944e+32,-1.3098351151679e+33,4.36611705055967e+32
3.45875175035007e+24,4500,4000,4000,CO2,1.80922018490339e+31,0,-1.06585536127335e+31,3.55285120424451e+30,-2.12519682161622e+31,7.0839894053874e+30
3.46469293858772e+24,1000,1000,4500,CO2,-0.0,0,1.27203478184333e+33,-4.24011593947777e+32,1.06262367677563e+33,-3.54207892258544e+32
3.46865373074615e+24,2500,3000,4000,CO2,-1.11035861963911e+31,0,3.21322891797864e+32,-1.07107630599288e+32,5.4471893981538e+32,-1.8157297993846e+32
3.46865373074615e+24,3000,2500,2000,CO2,1.41176582792326e+31,0,-2.73006174239372e+32,9.10020580797908e+31,-4.40762695363224e+32,1.46920898454408e+32
3.4745949189838e+24,1500,3500,1000,CO2,-2.15513302433922e+31,0,-8.07883810482087e+32,2.69294603494029e+32,-1.26771735433525e+33,4.22572451445084e+32
3.48251650330066e+24,2500,1500,1500,CO2,2.37981511375878e+31,0,-6.42005190489609e+31,2.14001730163203e+31,-7.4672637387323e+31,2.48908791291077e+31
3.48647729545909e+24,5000,4000,2000,CO2,3.91710751673644e+31,0,-4.74968769890067e+32,1.58322923296689e+32,-1.00945162215018e+33,3.3648387405006e+32
3.48845769153831e+24,1000,3500,2500,CO2,-1.38842301970966e+31,0,-1.34730532009572e+31,4.4910177336524e+30,-3.05616833190708e+31,1.01872277730236e+31
3.49439887977596e+24,2500,2000,1500,CO2,1.17514641086294e+31,0,-3.4229335696422e+32,1.1409778565474e+32,-4.67747528607147e+32,1.55915842869049e+32
3.49637927585517e+24,1500,2500,2000,CO2,-1.10649346768926e+31,0,-1.39378365525102e+32,4.6459455175034e+31,-1.85315609592566e+32,6.17718698641888e+31
3.49637927585517e+24,2500,2000,4000,CO2,1.1764772268225e+31,0,8.54770719163386e+32,-2.84923573054462e+32,1.22021854018783e+33,-4.06739513395944e+32
3.49835967193439e+24,4500,5000,4000,CO2,-1.69903081947666e+31,0,-9.89994794022049e+31,3.29998264674016e+31,-2.16969693662848e+32,7.23232312209493e+31
3.50826165233047e+24,2000,2500,1500,CO2,-8.59406420024055e+30,0,-4.91721787468608e+32,1.63907262489536e+32,-7.00854142341353e+32,2.33618047447118e+32
3.51420284056811e+24,2000,2500,1000,CO2,-8.62319678288014e+30,0,-7.4849385650411e+32,2.49497952168037e+32,-1.05650942872755e+33,3.5216980957585e+32
3.51618323664733e+24,1500,2500,3500,CO2,-1.11906190056299e+31,0,5.17594704630447e+32,-1.72531568210149e+32,6.97165250455137e+32,-2.32388416818379e+32
3.51816363272655e+24,4500,5000,1000,CO2,-1.71912371123408e+31,0,-7.52234915224116e+32,2.50744971741372e+32,-1.71399072643904e+33,5.71330242146347e+32
3.52410482096419e+24,5000,2000,1500,CO2,1.49162471551669e+32,0,-4.01907873848268e+32,1.33969291282756e+32,-6.76474996191816e+32,2.25491665397272e+32
3.52806561312263e+24,1000,5000,4000,CO2,-2.25078836993006e+31,0,1.97585471029683e+32,-6.58618236765609e+31,3.52380830068913e+32,-1.17460276689638e+32
3.53202640528106e+24,2000,4500,1500,CO2,-4.11384930316223e+31,0,-7.10867425311401e+32,2.36955808437134e+32,-1.39778764024535e+33,4.65929213415115e+32
3.53400680136027e+24,5000,2000,3500,CO2,1.50001846384437e+32,0,5.61202455760035e+32,-1.87067485253345e+32,9.5481284641474e+32,-3.18270948804913e+32
3.5379675935187e+24,1000,5000,1000,CO2,-2.26609209897943e+31,0,-7.23607154458035e+32,2.41202384819345e+32,-1.29320939060277e+33,4.31069796867589e+32
3.54390878175635e+24,1500,2000,2500,CO2,-5.71229329569565e+30,0,3.30756636509075e+32,-1.10252212169692e+32,3.84998271574434e+32,-1.28332757191478e+32
3.549849969994e+24,3500,4000,3000,CO2,-1.57309077757924e+31,0,-2.0618215668184e+32,6.87273855606134e+31,-4.1776678013319e+32,1.3925559337773e+32
3.55381076215243e+24,3500,2500,5000,CO2,3.49751004780726e+31,0,7.04589294381916e+32,-2.34863098127305e+32,1.19113399507867e+33,-3.97044665026224e+32
3.55381076215243e+24,4000,1500,3500,CO2,1.08599260175899e+32,0,1.06965438149429e+33,-3.56551460498097e+32,1.55352334881533e+33,-5.17841116271777e+32
3.55579115823165e+24,1500,1000,4000,CO2,5.72146838390214e+30,0,1.44442196024239e+33,-4.81473986747463e+32,1.35901945582886e+33,-4.53006485276285e+32
3.56767353470694e+24,4000,1000,2000,CO2,1.37113834726681e+32,0,6.83667056825065e+32,-2.27889018941688e+32,8.46501984797974e+32,-2.82167328265991e+32
3.56767353470694e+24,4500,2500,3000,CO2,8.86891812584367e+31,0,1.23833425815441e+32,-4.12778086051471e+31,2.25042852625284e+32,-7.50142842084279e+31
3.57559511902381e+24,2500,2000,1500,CO2,1.23039255641585e+31,0,-3.58385299590119e+32,1.1946176653004e+32,-4.8973734009665e+32,1.63245780032217e+32
3.57559511902381e+24,2500,4000,3000,CO2,-3.39376153601902e+31,0,-1.74865343357296e+32,5.82884477857654e+31,-3.41397899660686e+32,1.13799299886895e+32
3.57559511902381e+24,4000,2000,3000,CO2,8.41131424945915e+31,0,4.25522993202229e+32,-1.41840997734076e+32,6.86828903953519e+32,-2.28942967984506e+32
3.57757551510302e+24,4500,2000,5000,CO2,1.17320605730016e+32,0,1.00330446075109e+33,-3.34434820250364e+32,1.65406535225747e+33,-5.51355117419155e+32
3.57955591118224e+24,2000,1000,5000,CO2,1.83986685689194e+31,0,1.98601246747881e+33,-6.62004155826268e+32,2.10639634108233e+33,-7.02132113694109e+32
3.59539907981596e+24,1000,3000,2000,CO2,-1.18097073479039e+31,0,-1.47277231132586e+32,4.90924103775288e+31,-1.94199036849729e+32,6.47330122832429e+31
3.59737947589518e+24,5000,1500,1000,CO2,1.92636558949402e+32,0,-4.54371338229671e+32,1.51457112743224e+32,-6.86307789894851e+32,2.28769263298284e+32
3.5993598719744e+24,2500,1000,2000,CO2,3.86920833384128e+31,0,6.31926153829808e+32,-2.10642051276603e+32,6.61010880292893e+32,-2.20336960097631e+32
3.5993598719744e+24,4500,2500,2000,CO2,9.02715851901728e+31,0,-3.21010399065857e+32,1.07003466355286e+32,-5.70456807184031e+32,1.90152269061344e+32
3.60926185237047e+24,3000,4500,4500,CO2,-4.10395165001345e+31,0,4.97531446859792e+31,-1.65843815619931e+31,9.93344768798202e+31,-3.31114922932734e+31
3.61718343668734e+24,2500,4500,4500,CO2,-4.53340051301929e+31,0,8.36036938240889e+31,-2.7867897941363e+31,1.6425744105422e+32,-5.47524803514066e+31
3.62312462492499e+24,1000,5000,5000,CO2,-2.37156070300154e+31,0,3.72747353612964e+32,-1.24249117870988e+32,6.87143534369081e+32,-2.29047844789694e+32
3.6251050210042e+24,2000,3500,2500,CO2,-2.67668611898491e+31,0,-2.41029613501466e+32,8.03432045004888e+31,-4.21747502736917e+32,1.40582500912306e+32
3.63302660532106e+24,2000,5000,1000,CO2,-5.14577681884853e+31,0,-9.14110855152319e+32,3.04703618384106e+32,-1.89517566132164e+33,6.31725220440547e+32
3.63500700140028e+24,3500,5000,4000,CO2,-4.63697596811668e+31,0,-9.37001409697849e+31,3.12333803232616e+31,-2.04932344107992e+32,6.83107813693308e+31
3.6369873974795e+24,2500,5000,2000,CO2,-5.61388366648718e+31,0,-5.65173287161342e+32,1.88391095720447e+32,-1.21223816122737e+33,4.04079387075791e+32
3.63896779355871e+24,4000,3000,2000,CO2,3.99609851743896e+31,0,-4.52170968001656e+32,1.50723656000552e+32,-8.41995283667134e+32,2.80665094555712e+32
3.67263452690538e+24,1000,2000,4500,CO2,-6.1389326060612e+30,0,1.19331537950125e+33,-3.97771793167084e+32,1.28658742437001e+33,-4.28862474790003e+32
3.6746149229846e+24,3500,4500,3000,CO2,-3.26282533243981e+31,0,-2.64081848468024e+32,8.80272828226747e+31,-5.58706034772324e+32,1.86235344924108e+32
3.67857571514303e+24,3000,1000,3000,CO2,6.88571354010434e+31,0,1.40077437097636e+33,-4.66924790325452e+32,1.60651585973576e+33,-5.35505286578586e+32
3.68451690338068e+24,5000,4500,1500,CO2,2.08412814841427e+31,0,-6.91037758905847e+32,2.30345919635282e+32,-1.53061750175139e+33,5.1020583391713e+32
3.69045809161832e+24,2000,5000,2500,CO2,-5.30826892158934e+31,0,-3.90284031538512e+32,1.30094677179504e+32,-8.174398847433e+32,2.724799615811e+32
3.69639927985597e+24,1000,2500,1500,CO2,-9.35680581385004e+30,0,-3.07975770315534e+32,1.02658590105178e+32,-3.41146835845048e+32,1.13715611948349e+32
3.69639927985597e+24,2000,4000,4500,CO2,-3.65653952358975e+31,0,2.37374897504449e+32,-7.91249658348162e+31,4.36149392528935e+32,-1.45383130842978e+32
3.7003600720144e+24,3500,3500,1000,CO2,-0.0,0,-9.90942980918102e+32,3.30314326972701e+32,-1.91914147654235e+33,6.39713825514117e+32
3.70234046809362e+24,2500,3500,3500,CO2,-2.47713014932467e+31,0,6.14064075548243e+31,-2.04688025182748e+31,1.08443389958694e+32,-3.6147796652898e+31
3.70828165633127e+24,2000,3500,1500,CO2,-2.80095200991584e+31,0,-7.50252516137073e+32,2.50084172045691e+32,-1.28696114222905e+33,4.28987047409683e+32
3.7122424484897e+24,1000,4000,3000,CO2,-1.8830155126733e+31,0,9.35155362127233e+31,-3.11718454042411e+31,1.32438729525487e+32,-4.41462431751622e+31
3.7122424484897e+24,1500,4500,5000,CO2,-3.62606664468525e+31,0,3.15752133125889e+32,-1.05250711041963e+32,5.87847647896181e+32,-1.95949215965394e+32
3.7122424484897e+24,3500,1500,1500,CO2,8.20773214566374e+31,0,-1.11218414340979e+32,3.70728047803262e+31,-1.46071487630459e+32,4.86904958768197e+31
3.71818363672735e+24,2500,5000,1500,CO2,-5.86781665366871e+31,0,-7.79970118955131e+32,2.5999003965171e+32,-1.67294566590098e+33,5.57648555300327e+32
3.71818363672735e+24,4000,5000,4500,CO2,-3.56847730668301e+31,0,-3.76223105547585e+31,1.25407701849195e+31,-8.26575655869515e+31,2.75525218623172e+31
3.72808561712343e+24,1500,3000,4000,CO2,-1.87462513668819e+31,0,5.27653041840646e+32,-1.75884347280215e+32,7.89800226339403e+32,-2.63266742113134e+32
3.73204640928186e+24,5000,2000,4500,CO2,1.67284029273739e+32,0,9.34973578332691e+32,-3.1165785944423e+32,1.5806292949081e+33,-5.26876431636032e+32
3.73600720144029e+24,2500,3000,3500,CO2,-1.28813272134972e+31,0,2.2020368542295e+32,-7.34012284743166e+31,3.71840096875995e+32,-1.23946698958665e+32
3.74788957791558e+24,1500,2000,1500,CO2,-6.38879576121947e+30,0,-2.68239568335736e+32,8.94131894452453e+31,-3.04488756411383e+32,1.01496252137128e+32
3.74788957791558e+24,3500,4500,1500,CO2,-3.3946527271306e+31,0,-7.87045812165435e+32,2.62348604055145e+32,-1.68231560841234e+33,5.60771869470779e+32
3.74788957791558e+24,4500,3000,2500,CO2,6.989024799755e+31,0,-2.47675518276799e+32,8.25585060922664e+31,-4.68314126409056e+32,1.56104708803019e+32
3.75185037007401e+24,3500,1000,2500,CO2,1.0839971083866e+32,0,1.14695175540953e+33,-3.82317251803175e+32,1.36918701152582e+33,-4.56395670508606e+32
3.75383076615323e+24,4000,1000,1000,CO2,1.51796040175659e+32,0,-9.07599527778098e+31,3.02533175926033e+31,-1.05817224880175e+32,3.52724082933918e+31
3.76769353870774e+24,1500,4000,3500,CO2,-3.14196276016458e+31,0,9.74245876123307e+31,-3.24748625374436e+31,1.60463560801667e+32,-5.34878536005557e+31
3.76769353870774e+24,3000,2500,4000,CO2,1.66567481013335e+31,0,5.84609210428623e+32,-1.94869736809541e+32,9.57792347600179e+32,-3.19264115866726e+32
3.77165433086617e+24,4500,2000,1500,CO2,1.30396165393334e+32,0,-4.60340519971801e+32,1.534468399906e+32,-7.52780798926171e+32,2.5092693297539e+32
3.77561512302461e+24,3500,5000,2500,CO2,-5.00481984432319e+31,0,-4.36714620444399e+32,1.45571540148133e+32,-9.62830720310368e+32,3.20943573436789e+32
3.77561512302461e+24,5000,2000,2000,CO2,1.71213249312376e+32,0,-1.26699158625571e+32,4.22330528751905e+31,-2.0832430594673e+32,6.94414353155766e+31
3.77957591518304e+24,1500,1000,4000,CO2,6.46429484161357e+30,0,1.63195333788424e+33,-5.43984445961414e+32,1.53546290366379e+33,-5.11820967887931e+32
3.77957591518304e+24,2000,4500,4000,CO2,-4.70864798298328e+31,0,4.95369450578123e+31,-1.65123150192708e+31,8.95216347232272e+31,-2.98405449077424e+31
3.78155631126225e+24,3500,1000,1000,CO2,1.10123054280796e+32,0,-8.43403800636401e+31,2.81134600212134e+31,-9.35136756117399e+31,3.11712252039133e+31
3.78353670734147e+24,2000,5000,2000,CO2,-5.58011976098714e+31,0,-5.96117679545825e+32,1.98705893181942e+32,-1.24328046082767e+33,4.14426820275888e+32
3.78551710342068e+24,4000,5000,1000,CO2,-3.70163626313859e+31,0,-9.04704976633378e+32,3.01568325544459e+32,-2.04241964296986e+33,6.80806547656619e+32
3.7874974994999e+24,1000,3000,1000,CO2,-1.31053929303922e+31,0,-7.15372751867795e+32,2.38457583955932e+32,-8.75418564675837e+32,2.91806188225279e+32
3.79145829165833e+24,4500,4500,1000,CO2,-0.0,0,-9.22882238897105e+32,3.07627412965702e+32,-2.03428563988961e+33,6.78095213296537e+32
3.79343868773755e+24,2000,3500,1000,CO2,-2.93107686298807e+31,0,-1.03487478944596e+33,3.44958263148653e+32,-1.76412323934785e+33,5.88041079782615e+32
3.80334066813363e+24,1000,2000,1500,CO2,-6.5837009083584e+30,0,-1.46628866672459e+32,4.88762888908198e+31,-1.42375414756682e+32,4.74584715855605e+31
3.80532106421284e+24,5000,4500,3500,CO2,2.22275048956668e+31,0,-1.70954595073817e+32,5.69848650246057e+31,-3.67434518181564e+32,1.22478172727188e+32
3.80928185637127e+24,3000,3500,1500,CO2,-1.60937668173375e+31,0,-8.28188164022147e+32,2.76062721340716e+32,-1.55638264958983e+33,5.18794216529944e+32
3.83502700540108e+24,3000,3000,4500,CO2,-0.0,0,4.70802874741154e+32,-1.56934291580385e+32,8.28344733569707e+32,-2.76114911189902e+32
3.83502700540108e+24,5000,3000,1500,CO2,1.05115107649257e+32,0,-7.49099318841463e+32,2.49699772947154e+32,-1.46005873269448e+33,4.86686244231494e+32
3.84294858971794e+24,3500,2500,1500,CO2,4.08987404311789e+31,0,-6.76017080353349e+32,2.2533902678445e+32,-1.13463024716025e+33,3.7821008238675e+32
3.84294858971794e+24,3500,4000,2500,CO2,-1.84362330977224e+31,0,-4.13701650891185e+32,1.37900550297062e+32,-8.40415434489857e+32,2.80138478163286e+32
3.84492898579716e+24,1000,2500,4500,CO2,-1.01237275080642e+31,0,1.06756116391604e+33,-3.55853721305346e+32,1.29662823604661e+33,-4.32209412015536e+32
3.84690938187638e+24,4500,4000,3500,CO2,2.23817134621289e+31,0,-1.2020282442589e+32,4.00676081419632e+31,-2.47576996459993e+32,8.25256654866643e+31
3.84888977795559e+24,3500,3500,1000,CO2,-0.0,0,-1.07209097965526e+33,3.57363659885087e+32,-2.07629934850245e+33,6.92099782834151e+32
3.85285057011402e+24,1000,3000,2500,CO2,-1.35615315105412e+31,0,1.06373992580341e+32,-3.54579975267804e+31,1.25095801086998e+32,-4.16986003623325e+31
3.85285057011402e+24,4500,4000,2000,CO2,2.2452064963213e+31,0,-5.96036965994584e+32,1.98678988664861e+32,-1.25231620904951e+33,4.17438736349838e+32
3.85879175835167e+24,2000,2000,1500,CO2,-0.0,0,-3.66399263555799e+32,1.22133087851933e+32,-4.63201091330426e+32,1.54400363776809e+32
3.87067413482697e+24,1500,1000,2500,CO2,6.77966632888211e+30,0,9.28762387100263e+32,-3.09587462366754e+32,8.19578481997481e+32,-2.73192827332494e+32
3.87859571914383e+24,3500,1500,4000,CO2,8.95982118501495e+31,0,1.52762150449885e+33,-5.09207168166282e+32,2.14277956403238e+33,-7.14259854677459e+32
3.88651730346069e+24,3500,4000,2500,CO2,-1.88566375096972e+31,0,-4.23135356700503e+32,1.41045118900168e+32,-8.59579563879982e+32,2.86526521293327e+32
3.89047809561912e+24,4000,1500,1500,CO2,1.3015002374229e+32,0,-1.35040994208953e+32,4.50136647363175e+31,-1.8560835275639e+32,6.18694509187967e+31
3.89047809561912e+24,4000,3000,3500,CO2,4.56755395300529e+31,0,1.33138278508641e+32,-4.4379426169547e+31,2.49275932226942e+32,-8.30919774089807e+31
3.89245849169834e+24,4500,3500,1000,CO2,4.7947818271814e+31,0,-1.04469566002737e+33,3.48231886675791e+32,-2.11555301471699e+33,7.05184338238997e+32
3.89443888777756e+24,1000,5000,1500,CO2,-2.74553024394913e+31,0,-6.62045020096986e+32,2.20681673365662e+32,-1.19925299347648e+33,3.99750997825492e+32
3.89443888777756e+24,3000,1500,5000,CO2,5.64908443234119e+31,0,1.92521088826747e+33,-6.41736962755822e+32,2.60884800598772e+33,-8.69616001995908e+32
3.89839967993599e+24,5000,2500,4000,CO2,1.43517248082522e+32,0,4.81165937807536e+32,-1.60388645935845e+32,8.75885998321712e+32,-2.91961999440571e+32
3.90236047209442e+24,4500,2500,4000,CO2,1.06109423064237e+32,0,5.11392915715889e+32,-1.7046430523863e+32,9.1226730452045e+32,-3.04089101506817e+32
3.91424284856971e+24,2000,2500,1500,CO2,-1.06981867441542e+31,0,-6.12112195806173e+32,2.04037398602058e+32,-8.72447345107329e+32,2.90815781702443e+32
3.91820364072815e+24,3500,2000,1500,CO2,6.6132024435923e+31,0,-4.82095779748258e+32,1.60698593249419e+32,-7.33193269548599e+32,2.443977565162e+32
3.92018403680736e+24,3000,3000,2000,CO2,-0.0,0,-5.12492263135821e+32,1.70830754378607e+32,-8.99862064812045e+32,2.99954021604015e+32
3.92414482896579e+24,5000,1500,3000,CO2,2.29221979668141e+32,0,9.79797834805558e+32,-3.26599278268519e+32,1.51561626652699e+33,-5.05205422175663e+32
3.92612522504501e+24,2500,4500,4500,CO2,-5.34086151698733e+31,0,9.84946619520462e+31,-3.28315539840154e+31,1.93513951235035e+32,-6.45046504116783e+31
3.92810562112423e+24,1000,1500,5000,CO2,-3.48272072629263e+30,0,1.74792509994574e+33,-5.82641699981913e+32,1.68514939495146e+33,-5.61716464983819e+32
3.94394878975795e+24,3000,2000,5000,CO2,3.7561979670804e+31,0,1.36936087652171e+33,-4.56453625507238e+32,2.06221409960077e+33,-6.87404699866922e+32
3.95979195839168e+24,5000,1000,1000,CO2,2.83486965508865e+32,0,-1.12466844951218e+32,3.74889483170726e+31,-1.42545770187612e+32,4.75152567292041e+31
3.96375275055011e+24,2500,2500,5000,CO2,-0.0,0,9.97320969940144e+32,-3.32440323313381e+32,1.57355068406228e+33,-5.24516894687427e+32
3.98949789957992e+24,1500,1000,3500,CO2,7.20230597661857e+30,0,1.57474674917249e+33,-5.24915583057498e+32,1.45336838764442e+33,-4.84456129214807e+32
3.99147829565913e+24,4000,2500,4000,CO2,7.52431921882506e+31,0,5.69705289791119e+32,-1.89901763263706e+32,9.92772457804889e+32,-3.3092415260163e+32
3.99741948389678e+24,3500,2000,2000,CO2,6.88330889905758e+31,0,-1.0554460672322e+32,3.51815355744067e+31,-1.57269111006785e+32,5.24230370022617e+31
4.00138027605521e+24,4000,4000,4000,CO2,-0.0,0,-0.0,-0.0,-0.0,-0.0
4.00534106821364e+24,1500,4500,3500,CO2,-4.22405494789816e+31,0,1.5831068469045e+31,-5.27702282301501e+30,1.59165396556701e+31,-5.30551321855671e+30
4.00534106821364e+24,3000,2500,4000,CO2,1.88242674471743e+31,0,6.60683589752357e+32,-2.20227863250786e+32,1.08242852688871e+33,-3.60809508962902e+32
4.01722344468894e+24,4000,2000,3000,CO2,1.06174240818735e+32,0,5.37128674714148e+32,-1.79042891571383e+32,8.66969599362161e+32,-2.88989866454054e+32
4.02118423684737e+24,3500,1500,2500,CO2,9.63071326594092e+31,0,7.36075308242099e+32,-2.453584360807e+32,1.01956010715693e+33,-3.39853369052311e+32
4.02316463292659e+24,1500,4500,4500,CO2,-4.26010369659107e+31,0,2.73425412372241e+32,-9.11418041240804e+31,5.04021326159324e+32,-1.68007108719775e+32
4.0251450290058e+24,4500,4000,1500,CO2,2.45051866992738e+31,0,-8.7803692970773e+32,2.92678976569243e+32,-1.8544844962263e+33,6.18161498742099e+32
4.02910582116423e+24,3000,4500,1500,CO2,-5.11677380203687e+31,0,-9.29802120377566e+32,3.09934040125855e+32,-1.94958649695083e+33,6.49862165650275e+32
4.03306661332267e+24,3000,2000,4500,CO2,3.9278952128153e+31,0,1.27714496635074e+33,-4.25714988783579e+32,1.9194527807138e+33,-6.39817593571268e+32
4.03504700940188e+24,1500,3500,4500,CO2,-2.90609071078076e+31,0,5.57865136445878e+32,-1.85955045481959e+32,9.11732115048292e+32,-3.03910705016097e+32
4.03900780156031e+24,4000,4500,4500,CO2,-2.18553853156651e+31,0,1.41486437317665e+31,-4.7162145772555e+30,2.88089301603197e+31,-9.60297672010656e+30
4.03900780156031e+24,5000,5000,5000,CO2,-0.0,0,-0.0,-0.0,-0.0,-0.0
4.04296859371874e+24,1000,1500,1500,CO2,-3.68939961762892e+30,0,6.98062181428595e+31,-2.32687393809532e+31,5.51391157457871e+31,-1.83797052485957e+31
4.04296859371874e+24,3500,1500,5000,CO2,9.7352910413936e+31,0,2.04976492056378e+33,-6.8325497352126e+32,2.89208267912118e+33,-9.6402755970706e+32
4.04296859371874e+24,4000,1000,4500,CO2,1.7608057202671e+32,0,2.67123520810766e+33,-8.90411736035886e+32,3.42731451139129e+33,-1.14243817046376e+33
4.04494898979796e+24,2000,5000,4500,CO2,-6.37079863629636e+31,0,8.70955036762459e+31,-2.90318345587486e+31,1.7032526718372e+32,-5.67750890612402e+31
4.04692938587718e+24,5000,4000,4000,CO2,5.27725918343423e+31,0,-2.51284610688623e+31,8.37615368962078e+30,-5.05368081854073e+31,1.68456027284691e+31
4.04890978195639e+24,1500,1500,3000,CO2,-0.0,0,1.08874874859748e+33,-3.62916249532493e+32,1.13169083908418e+33,-3.77230279694727e+32
4.05881176235247e+24,3000,4000,2500,CO2,-3.55562561949741e+31,0,-4.55205849094076e+32,1.51735283031359e+32,-9.06765679932659e+32,3.0225522664422e+32
4.0627725545109e+24,5000,1500,5000,CO2,2.45702242453255e+32,0,1.94364724595513e+33,-6.47882415318376e+32,3.00076098389224e+33,-1.00025366129741e+33
4.06871374274855e+24,3500,4500,1000,CO2,-4.00076587284841e+31,0,-1.13637885797256e+33,3.78792952657519e+32,-2.43500067372657e+33,8.11666891242189e+32
4.07069413882777e+24,4500,1500,4500,CO2,1.92121757309786e+32,0,1.82804971132813e+33,-6.09349903776043e+32,2.74868154518974e+33,-9.16227181729913e+32
4.07069413882777e+24,4500,3500,2000,CO2,5.24392784148117e+31,0,-6.36811113594028e+32,2.12270371198009e+32,-1.27957413030351e+33,4.26524710101171e+32
4.07663532706541e+24,1500,4500,2000,CO2,-4.3770088538495e+31,0,-6.12964709432192e+32,2.04321569810731e+32,-1.14869805270505e+33,3.82899350901685e+32
4.08455691138228e+24,1500,2500,3500,CO2,-1.51008368353657e+31,0,6.98452264127791e+32,-2.3281742137593e+32,9.40768217478717e+32,-3.13589405826239e+32
4.08653730746149e+24,1500,4000,5000,CO2,-3.69496639899508e+31,0,5.16404355454659e+32,-1.72134785151553e+32,9.08564906488764e+32,-3.02854968829588e+32
4.09445889177836e+24,1500,2000,3000,CO2,-7.62497527126726e+30,0,7.60348746057749e+32,-2.5344958201925e+32,9.01752500881374e+32,-3.00584166960458e+32
4.09841968393679e+24,4000,1000,5000,CO2,1.80943405317975e+32,0,2.96325257130662e+33,-9.87750857102205e+32,3.81877707446717e+33,-1.27292569148906e+33
4.10634126825365e+24,3000,1500,1000,CO2,6.28059420640295e+31,0,-5.381120936573e+32,1.79370697885767e+32,-6.80515277451366e+32,2.26838425817122e+32
4.10634126825365e+24,5000,2000,1500,CO2,2.02521910215961e+32,0,-5.45681158912626e+32,1.81893719637542e+32,-9.18468345401777e+32,3.06156115133926e+32
4.10832166433287e+24,2500,2500,4500,CO2,-0.0,0,9.26839449213568e+32,-3.08946483071189e+32,1.45880171347289e+33,-4.86267237824296e+32
4.11822364472895e+24,3000,1000,1000,CO2,8.62997244095151e+31,0,-8.81498902876972e+31,2.93832967625657e+31,-9.21745380280864e+31,3.07248460093621e+31
4.12020404080816e+24,3000,1000,1500,CO2,8.63827450242993e+31,0,3.6216740854385e+32,-1.20722469514616e+32,4.00702791446285e+32,-1.33567597148762e+32
4.12614522904581e+24,2500,4000,2000,CO2,-4.51953772262311e+31,0,-7.06149227748166e+32,2.35383075916055e+32,-1.36647551948638e+33,4.55491839828792e+32
4.12614522904581e+24,4500,2000,2000,CO2,1.56059450538872e+32,0,-1.42625410518529e+32,4.75418035061762e+31,-2.28031612688734e+32,7.60105375629113e+31
4.13406681336267e+24,3000,4500,2000,CO2,-5.38667003904411e+31,0,-7.3299290103231e+32,2.4433096701077e+32,-1.53476008250677e+33,5.11586694168922e+32
4.13604720944189e+24,3000,4000,2500,CO2,-3.69223368933094e+31,0,-4.72694977330942e+32,1.57564992443647e+32,-9.41603855427749e+32,3.1386795180925e+32
4.1499099819964e+24,4000,4000,1000,CO2,-0.0,0,-1.19258285532923e+33,3.97527618443076e+32,-2.48844140445359e+33,8.29480468151198e+32
4.16377275455091e+24,1500,2000,2500,CO2,-7.8853226149692e+30,0,4.56580685008145e+32,-1.52193561669382e+32,5.31456530752283e+32,-1.77152176917428e+32
4.16377275455091e+24,2500,5000,3000,CO2,-7.3560226413941e+31,0,-3.45953749727234e+32,1.15317916575745e+32,-7.43124766970467e+32,2.47708255656822e+32
4.1875375075015e+24,1500,1500,2500,CO2,-0.0,0,8.15662924680844e+32,-2.71887641560281e+32,8.30878406383534e+32,-2.76959468794511e+32
4.19347869573915e+24,1000,2000,1500,CO2,-8.00365795942599e+30,0,-1.78253434073034e+32,5.94178113576782e+31,-1.7308260770127e+32,5.76942025670899e+31
4.20536107221444e+24,1500,3500,1000,CO2,-3.15698342641368e+31,0,-1.18344240070372e+33,3.94480800234574e+32,-1.85703742266233e+33,6.19012474220778e+32
4.20536107221444e+24,2500,1500,2500,CO2,3.47027133011885e+31,0,8.29068260403123e+32,-2.76356086801041e+32,1.0249551902239e+33,-3.41651730074632e+32
4.20932186437287e+24,1000,2500,3500,CO2,-1.21337040620669e+31,0,8.77847988650977e+32,-2.92615996216992e+32,1.02867751478346e+33,-3.4289250492782e+32
4.20932186437287e+24,3000,3500,2000,CO2,-1.96514519560619e+31,0,-6.95276326401511e+32,2.3175877546717e+32,-1.30763086894763e+33,4.35876956315876e+32
4.21130226045209e+24,2000,3500,2000,CO2,-3.61236454314222e+31,0,-6.30624205405219e+32,2.10208068468406e+32,-1.09063636366241e+33,3.63545454554136e+32
4.21130226045209e+24,5000,1000,1500,CO2,3.20642571906135e+32,0,3.9137136406734e+32,-1.3045712135578e+32,5.23815477662827e+32,-1.74605159220942e+32
4.21328265653131e+24,2500,2000,3500,CO2,1.70839420553593e+31,0,9.95102358339809e+32,-3.3170078611327e+32,1.41263916427055e+33,-4.70879721423516e+32
4.21526305261052e+24,1000,4000,5000,CO2,-2.42683895559666e+31,0,7.63206698736086e+32,-2.54402232912029e+32,1.23579930877954e+33,-4.11933102926513e+32
4.23308661732347e+24,1000,1000,2500,CO2,-0.0,0,9.09934917203187e+32,-3.03311639067729e+32,6.85649225776089e+32,-2.28549741925363e+32
4.23308661732347e+24,1000,1500,5000,CO2,-4.04451683067094e+30,0,2.02988210685737e+33,-6.76627368952456e+32,1.95698008129735e+33,-6.52326693765783e+32
4.2370474094819e+24,4000,2000,2000,CO2,1.18111952537621e+32,0,-1.37239355574703e+32,4.57464518582344e+31,-2.12442196076429e+32,7.08140653588098e+31
4.24892978595719e+24,2000,1000,3500,CO2,2.59231887137467e+31,0,2.0034573400729e+33,-6.67819113357632e+32,2.03936560234385e+33,-6.79788534114617e+32
4.24892978595719e+24,4000,4000,2500,CO2,-0.0,0,-5.04050249062074e+32,1.68016749687358e+32,-1.03980528236112e+33,3.46601760787041e+32
4.25091018203641e+24,2000,5000,3500,CO2,-7.04031973222374e+31,0,-1.53700389596696e+32,5.12334631988986e+31,-3.29894462133873e+32,1.09964820711291e+32
4.25883176635327e+24,4500,1500,5000,CO2,2.1029024538689e+32,0,2.18746964480029e+33,-7.29156548266762e+32,3.28955566849721e+33,-1.09651855616574e+33
4.26477295459092e+24,5000,4500,2000,CO2,2.79220751815385e+31,0,-7.08842439291207e+32,2.36280813097069e+32,-1.55932558383895e+33,5.19775194612985e+32
4.26873374674935e+24,2500,2500,4000,CO2,-0.0,0,8.14057784358028e+32,-2.71352594786009e+32,1.27743045593945e+33,-4.25810151979816e+32
4.26873374674935e+24,4500,3500,4500,CO2,5.7662204704018e+31,0,2.32740350285906e+32,-7.75801167619686e+31,4.59388171063779e+32,-1.53129390354593e+32
4.27071414282857e+24,5000,3000,5000,CO2,1.30349806936071e+32,0,5.26171543484127e+32,-1.75390514494709e+32,1.00029304852501e+33,-3.33431016175003e+32
4.27665533106621e+24,2500,4500,5000,CO2,-6.33567462810405e+31,0,2.16483785687282e+32,-7.21612618957607e+31,4.30155794460114e+32,-1.43385264820038e+32
4.27863572714543e+24,2500,4500,1500,CO2,-6.34652850586554e+31,0,-1.05859970799095e+33,3.52866569330315e+32,-2.1619864169109e+33,7.20662138970299e+32
4.28259651930386e+24,3500,4000,1500,CO2,-2.28964165117174e+31,0,-1.04735275537456e+33,3.49117585124853e+32,-2.13859245714728e+33,7.12864152382428e+32
4.29447889577916e+24,2000,4500,2000,CO2,-6.08139718008885e+31,0,-7.60034219848683e+32,2.53344739949561e+32,-1.50150407174527e+33,5.00501357248424e+32
4.29843968793759e+24,3000,4500,5000,CO2,-5.81967470347958e+31,0,1.65863640292696e+32,-5.52878800975655e+31,3.3560140513815e+32,-1.1186713504605e+32
4.29843968793759e+24,5000,4500,4000,CO2,2.83595599539301e+31,0,-1.04939048879273e+32,3.49796829597576e+31,-2.23542985041314e+32,7.45143283471045e+31
4.30438087617524e+24,1000,2500,2500,CO2,-1.26879420782892e+31,0,3.35218976268235e+32,-1.11739658756078e+32,3.71239433839319e+32,-1.2374647794644e+32
4.30438087617524e+24,1500,4000,1500,CO2,-4.10136338877659e+31,0,-9.68180510368296e+32,3.22726836789432e+32,-1.6693314534431e+33,5.56443817814366e+32
4.30636127225445e+24,4500,4500,5000,CO2,-0.0,0,8.15533175064143e+31,-2.71844391688048e+31,1.71096919548021e+32,-5.7032306516007e+31
4.30834166833367e+24,3500,1000,4000,CO2,1.42941157882263e+32,0,2.71330704123314e+33,-9.04435680411047e+32,3.32789677531141e+33,-1.1092989251038e+33
4.32220444088818e+24,1500,2000,4500,CO2,-8.4967710852298e+30,0,1.62571990074192e+33,-5.41906633580641e+32,2.01050262940157e+33,-6.70167543133857e+32
4.32814562912583e+24,3000,4500,2500,CO2,-5.90404692835517e+31,0,-5.60793343575729e+32,1.86931114525243e+32,-1.17247771492604e+33,3.90825904975348e+32
4.34200840168034e+24,1500,3000,3500,CO2,-2.54289588377816e+31,0,4.99267188784762e+32,-1.66422396261587e+32,7.37856734878299e+32,-2.45952244959433e+32
4.34596919383877e+24,5000,4000,2000,CO2,6.08646454599256e+31,0,-7.38014099954587e+32,2.46004699984862e+32,-1.56850213655372e+33,5.22834045517908e+32
4.36577315463093e+24,4000,5000,3500,CO2,-4.92155815142966e+31,0,-2.63057199767934e+32,8.7685733255978e+31,-5.78164912030597e+32,1.92721637343532e+32
4.37171434286857e+24,4000,3000,1000,CO2,5.7674453464688e+31,0,-1.33945659666955e+33,4.46485532223182e+32,-2.50369918127262e+33,8.3456639375754e+32
4.37765553110622e+24,3000,1000,5000,CO2,9.75150226891387e+31,0,3.28156127952421e+33,-1.0938537598414e+33,3.90545937175637e+33,-1.30181979058546e+33
4.37963592718544e+24,2500,4000,2500,CO2,-5.09181753903451e+31,0,-5.07054476840693e+32,1.69018158946898e+32,-9.84123344947587e+32,3.28041114982529e+32
4.38359671934387e+24,1500,3500,1500,CO2,-3.43025141186223e+31,0,-9.47799089766223e+32,3.15933029922074e+32,-1.50378812398373e+33,5.01262707994577e+32
4.3875575115023e+24,2500,3500,1500,CO2,-3.47900592358725e+31,0,-1.09042148121029e+33,3.63473827070097e+32,-1.97206038077347e+33,6.57353460257824e+32
4.38953790758152e+24,5000,2000,2500,CO2,2.3141928221294e+32,0,2.36171159523252e+32,-7.8723719841084e+31,4.09641469406785e+32,-1.36547156468928e+32
4.39745949189838e+24,4500,4000,2500,CO2,2.92476538440417e+31,0,-5.32674841293561e+32,1.77558280431187e+32,-1.11259629598677e+33,3.70865431995591e+32
4.3994398879776e+24,2000,4500,5000,CO2,-6.3769114892202e+31,0,3.11701265657815e+32,-1.03900421885938e+32,6.0376895337765e+32,-2.0125631779255e+32
4.40142028405681e+24,1000,4000,1500,CO2,-2.6473103664875e+31,0,-7.98085190476265e+32,2.66028396825422e+32,-1.22893197021386e+33,4.09643990071288e+32
4.40340068013603e+24,2500,4000,3000,CO2,-5.14708170115905e+31,0,-2.65206084578651e+32,8.84020281928838e+31,-5.17774411521824e+32,1.72591470507275e+32
4.40736147229446e+24,4000,1000,3500,CO2,2.09251410092531e+32,0,2.52307422487799e+33,-8.41024741625997e+32,3.20032651812878e+33,-1.06677550604293e+33
4.42122424484897e+24,1500,2500,2000,CO2,-1.76928121074456e+31,0,-2.22865774185577e+32,7.42885913951922e+31,-2.96319350890086e+32,9.8773116963362e+31
4.42320464092819e+24,1000,4000,2000,CO2,-2.67353032738419e+31,0,-4.56644795777996e+32,1.52214931925999e+32,-7.22890438799714e+32,2.40963479599905e+32
4.4251850370074e+24,4000,1500,1000,CO2,1.68384136136728e+32,0,-6.7265450818417e+32,2.24218169394723e+32,-9.4243578304867e+32,3.14145261016223e+32
4.42716543308662e+24,4000,1500,4000,CO2,1.68534809948112e+32,0,1.95847559779504e+33,-6.52825199265013e+32,2.85065573158288e+33,-9.50218577194294e+32
4.42914582916583e+24,1500,4500,3000,CO2,-5.16587967445089e+31,0,-1.86266618097961e+32,6.20888726993204e+31,-3.65729977625435e+32,1.21909992541812e+32
4.42914582916583e+24,2000,5000,3500,CO2,-7.64308139205785e+31,0,-1.66859550753314e+32,5.56198502511047e+31,-3.58138596083609e+32,1.1937953202787e+32
4.44498899779956e+24,3000,1000,5000,CO2,1.00537883239576e+32,0,3.38328614059859e+33,-1.1277620468662e+33,4.02652440092479e+33,-1.34217480030826e+33
4.44498899779956e+24,4500,5000,1500,CO2,-2.74412761103172e+31,0,-9.97479989382944e+32,3.32493329794315e+32,-2.26123949473514e+33,7.53746498245046e+32
4.44894978995799e+24,2000,4500,4500,CO2,-6.52289551821351e+31,0,2.05090854178818e+32,-6.83636180596061e+31,3.93292495412655e+32,-1.31097498470885e+32
4.45885177035407e+24,3000,3500,2500,CO2,-2.20503035281278e+31,0,-4.6027864575387e+32,1.5342621525129e+32,-8.6634620247911e+32,2.88782067493037e+32
4.4628125625125e+24,4000,2500,1000,CO2,9.40629123472793e+31,0,-1.30333456302916e+33,4.34444854343055e+32,-2.2633528746357e+33,7.54450958211901e+32
4.4628125625125e+24,4500,1500,2000,CO2,2.30917912672696e+32,0,3.6406891623477e+32,-1.2135630541159e+32,5.49233207808852e+32,-1.83077735936284e+32
4.46875375075015e+24,3000,2500,2000,CO2,2.34322298329133e+31,0,-4.5313063215248e+32,1.51043544050827e+32,-7.3156982378007e+32,2.4385660792669e+32
4.47073414682937e+24,4000,4500,5000,CO2,-2.67729300204338e+31,0,1.09913967300373e+32,-3.66379891001245e+31,2.28199056767618e+32,-7.60663522558727e+31
4.48261652330466e+24,3500,1500,2500,CO2,1.19677824296119e+32,0,9.14697478535127e+32,-3.04899159511709e+32,1.26697506191135e+33,-4.22325020637117e+32
4.48855771154231e+24,3500,3500,2500,CO2,-0.0,0,-4.82418119063061e+32,1.60806039687687e+32,-9.30336033319236e+32,3.10112011106412e+32
4.48855771154231e+24,4000,1000,3000,CO2,2.17032458304243e+32,0,2.18278278400546e+33,-7.27594261335152e+32,2.74867016307618e+33,-9.1622338769206e+32
4.49053810762153e+24,5000,3500,4500,CO2,1.02515753245487e+32,0,2.31500230066601e+32,-7.71667433555335e+31,4.63091319065329e+32,-1.54363773021776e+32
4.49251850370074e+24,3000,1500,5000,CO2,7.51740638556909e+31,0,2.56193597358413e+33,-8.53978657861377e+32,3.47167242658178e+33,-1.15722414219393e+33
4.5004400880176e+24,1000,3500,3000,CO2,-2.3107853602579e+31,0,2.80435557718245e+32,-9.34785192394151e+31,3.85539387043632e+32,-1.28513129014544e+32
4.5004400880176e+24,1500,1000,2500,CO2,9.16526588279145e+30,0,1.25557126365444e+33,-4.1852375455148e+32,1.10796820004564e+33,-3.69322733348545e+32
4.50638127625525e+24,5000,3000,2000,CO2,1.45138980010108e+32,0,-6.791523216552e+32,2.263841072184e+32,-1.31682100063238e+33,4.38940333544126e+32
4.50836167233447e+24,2500,2500,3500,CO2,-0.0,0,6.5831645872563e+32,-2.1943881957521e+32,1.0292213622412e+33,-3.43073787413734e+32
4.51430286057212e+24,4000,1500,3000,CO2,1.75234528287111e+32,0,1.35328654968681e+33,-4.51095516562269e+32,1.96045144255582e+33,-6.53483814185272e+32
4.52420484096819e+24,1500,2000,1000,CO2,-9.30957705565188e+30,0,-8.23790881640816e+32,2.74596960546939e+32,-9.17398976905238e+32,3.05799658968413e+32
4.52618523704741e+24,3500,3000,2000,CO2,2.7376718226657e+31,0,-6.97150135290848e+32,2.32383378430283e+32,-1.26454676921132e+33,4.21515589737105e+32
4.549949989998e+24,1000,3000,4500,CO2,-1.89120947789543e+31,0,1.19462437984676e+33,-3.98208126615588e+32,1.61144529457229e+33,-5.37148431524096e+32
4.55391078215643e+24,2500,3000,2000,CO2,-1.91389056342809e+31,0,-6.58366678753443e+32,2.19455559584481e+32,-1.10871592119692e+33,3.69571973732308e+32
4.56183236647329e+24,4500,3000,5000,CO2,1.0353839717613e+32,0,6.42457317599023e+32,-2.14152439199674e+32,1.20338951590968e+33,-4.01129838636561e+32
4.56381276255251e+24,2500,3000,3500,CO2,-1.92221003430396e+31,0,3.28597920614261e+32,-1.09532640204754e+32,5.54876647045085e+32,-1.84958882348362e+32
4.56579315863173e+24,4000,1500,1500,CO2,1.7925478965743e+32,0,-1.85991091787949e+32,6.19970305959831e+31,-2.55637189109462e+32,8.52123963698208e+31
4.56777355471094e+24,2500,5000,2500,CO2,-8.85402896466737e+31,0,-6.34177429691486e+32,2.11392476563829e+32,-1.36053647912831e+33,4.53512159709436e+32
4.56777355471094e+24,4500,3500,3000,CO2,6.60276008412059e+31,0,-2.52742553559125e+32,8.42475178530415e+31,-5.01248163699028e+32,1.67082721233009e+32
4.57371474294859e+24,4500,2500,2500,CO2,1.45760100076992e+32,0,-1.27165936706937e+32,4.2388645568979e+31,-2.20383844223026e+32,7.34612814076753e+31
4.57965593118624e+24,1500,4000,1500,CO2,-4.64272078071004e+31,0,-1.09597500852178e+33,3.65325002840593e+32,-1.88967401669449e+33,6.29891338898162e+32
4.57965593118624e+24,4000,1500,3500,CO2,1.80344944178409e+32,0,1.7763174390721e+33,-5.92105813024033e+32,2.57985258065443e+33,-8.59950860218142e+32
4.58559711942389e+24,1500,5000,2000,CO2,-6.40185405144424e+31,0,-7.9728601707484e+32,2.65762005691613e+32,-1.59031386567506e+33,5.30104621891685e+32
4.59351870374075e+24,2000,3000,4000,CO2,-2.90622170120704e+31,0,6.6134598473729e+32,-2.20448661579097e+32,1.06561045009784e+33,-3.55203483365946e+32
4.59549909981996e+24,4000,5000,2000,CO2,-5.45471489697874e+31,0,-8.5738502891343e+32,2.8579500963781e+32,-1.91697574383415e+33,6.38991914611385e+32
4.59549909981996e+24,4500,2000,4000,CO2,1.93582440479463e+32,0,1.25511655865088e+33,-4.18372186216961e+32,2.07759671137168e+33,-6.92532237123893e+32
4.5994598919784e+24,2000,2500,2000,CO2,-1.47716259085606e+31,0,-3.63569108331916e+32,1.21189702777305e+32,-5.25299581485773e+32,1.75099860495258e+32
4.60342068413683e+24,4000,4000,1500,CO2,-0.0,0,-1.18160164975325e+33,3.93867216584417e+32,-2.45829150349204e+33,8.19430501164014e+32
4.60738147629526e+24,1500,5000,1000,CO2,-6.46395483234403e+31,0,-1.41753397017383e+33,4.72511323391278e+32,-2.78508196517212e+33,9.28360655057374e+32
4.61332266453291e+24,1500,1500,1500,CO2,-0.0,0,-0.0,-0.0,-0.0,-0.0
4.61530306061212e+24,2500,3000,2500,CO2,-1.9658399485664e+31,0,-2.81039334622657e+32,9.36797782075522e+31,-4.76751876198652e+32,1.58917292066217e+32
4.62124424884977e+24,2500,1000,4000,CO2,6.3780707706433e+31,0,2.91985404446399e+33,-9.73284681487995e+32,3.23566376783711e+33,-1.07855458927904e+33
4.62124424884977e+24,3500,2000,3000,CO2,9.19931817386438e+31,0,7.49877007876164e+32,-2.49959002625388e+32,1.16742269558527e+33,-3.89140898528424e+32
4.6252050410082e+24,5000,4000,2500,CO2,6.89365876768522e+31,0,-5.7770918320888e+32,1.92569727736293e+32,-1.21920498474673e+33,4.06401661582242e+32
4.62718543708742e+24,2000,2500,4500,CO2,-1.49500640910495e+31,0,1.27316319129044e+33,-4.24387730430148e+32,1.89757052038553e+33,-6.32523506795178e+32
4.63114622924585e+24,2500,3500,3000,CO2,-3.87596117788154e+31,0,-1.56913266416933e+32,5.23044221389776e+31,-2.90000559189102e+32,9.66668530630339e+31
4.63114622924585e+24,4000,2500,5000,CO2,1.01290414047742e+32,0,1.12860050834075e+33,-3.76200169446916e+32,1.95609069334042e+33,-6.52030231113474e+32
4.63114622924585e+24,4500,5000,4500,CO2,-2.97694262598294e+31,0,-7.15441307258352e+31,2.38480435752784e+31,-1.56194774741089e+32,5.20649249136962e+31
4.6370874174835e+24,2500,3000,2000,CO2,-1.98444301261243e+31,0,-6.82636290890625e+32,2.27545430296875e+32,-1.14958692248866e+33,3.83195640829553e+32
4.63906781356271e+24,1500,2500,3000,CO2,-1.94792862978625e+31,0,5.78441813121929e+32,-1.9281393770731e+32,7.67035066171374e+32,-2.55678355390458e+32
4.63906781356271e+24,2000,1500,4000,CO2,1.53836650926897e+31,0,2.19001615190884e+33,-7.30005383969612e+32,2.59686441207142e+33,-8.65621470690474e+32
4.64896979395879e+24,1500,4000,3000,CO2,-4.7839488379224e+31,0,-9.94544324917752e+31,3.31514774972584e+31,-1.90864455354332e+32,6.36214851181108e+31
4.65095019003801e+24,2000,1000,4500,CO2,3.10607774422802e+31,0,3.07744053181201e+33,-1.025813510604e+33,3.22455356908419e+33,-1.07485118969473e+33
4.65095019003801e+24,4500,3500,5000,CO2,6.84473014285599e+31,0,3.9698609173505e+32,-1.32328697245017e+32,7.78524298296572e+32,-2.5950809943219e+32
4.66481296259252e+24,3500,1500,2000,CO2,1.29604171625377e+32,0,4.33369837105318e+32,-1.44456612368439e+32,6.00315182770267e+32,-2.00105060923422e+32
4.67075415083017e+24,3000,2500,3500,CO2,2.5598485743033e+31,0,6.37859192204382e+32,-2.12619730734794e+32,1.04424138954842e+33,-3.48080463182807e+32
4.6747149429886e+24,4000,2500,3500,CO2,1.03207428348491e+32,0,5.37421303713115e+32,-1.79140434571038e+32,9.39924209156132e+32,-3.13308069718711e+32
4.6747149429886e+24,4000,4000,3000,CO2,-0.0,0,-3.6695538106399e+32,1.22318460354663e+32,-7.53371268683486e+32,2.51123756227829e+32
4.67867573514703e+24,2500,1500,4500,CO2,4.2953833198546e+31,0,2.54241200378594e+33,-8.47470667928646e+32,3.25732189936558e+33,-1.08577396645519e+33
4.68065613122625e+24,5000,4000,3500,CO2,7.05968868108092e+31,0,-1.84835695598973e+32,6.16118985329909e+31,-3.83479107718455e+32,1.27826369239485e+32
4.68263652730546e+24,2500,3500,5000,CO2,-3.9620397978538e+31,0,6.3797489322359e+32,-2.12658297741197e+32,1.15522179096966e+33,-3.8507393032322e+32
4.68461692338468e+24,4500,4500,3000,CO2,-0.0,0,-4.29115828474973e+32,1.43038609491658e+32,-9.23861022163702e+32,3.07953674054567e+32
4.68857771554311e+24,1500,4500,4000,CO2,-5.78710132960514e+31,0,2.12713455715834e+32,-7.09044852386114e+31,3.82707417810685e+32,-1.27569139270228e+32
4.69253850770154e+24,2000,2500,1000,CO2,-1.53755385456447e+31,0,-1.33459741574092e+33,4.44865805246972e+32,-1.8838027073078e+33,6.27934235769267e+32
4.69649929985997e+24,5000,4500,1500,CO2,3.38619400566004e+31,0,-1.12276585231677e+33,3.74255284105592e+32,-2.48687577744796e+33,8.28958592482653e+32
4.71036207241448e+24,1500,2000,2000,CO2,-1.00914602358799e+31,0,9.97114617000154e+31,-3.32371539000051e+31,1.11314740760216e+32,-3.71049135867386e+31
4.72026405281056e+24,5000,3500,5000,CO2,1.13268199061502e+32,0,3.74471430041306e+32,-1.24823810013769e+32,7.43196935201677e+32,-2.47732311733892e+32
4.73016603320664e+24,3500,2000,1500,CO2,9.63808118468497e+31,0,-7.02606385278558e+32,2.34202128426186e+32,-1.06855586476428e+33,3.56185288254759e+32
4.73214642928586e+24,2000,2000,1000,CO2,-0.0,0,-1.04790888804405e+33,3.49302962681352e+32,-1.3098019263884e+33,4.36600642129466e+32
4.73808761752351e+24,1500,1500,4500,CO2,-0.0,0,2.49673813000867e+33,-8.32246043336223e+32,2.72668131828525e+33,-9.08893772761751e+32
4.74600920184037e+24,1000,3500,4000,CO2,-2.56970506811023e+31,0,8.3191851649102e+32,-2.77306172163673e+32,1.21157484563364e+33,-4.0385828187788e+32
4.75195039007802e+24,3500,3000,4000,CO2,3.01755427852704e+31,0,4.6594139436513e+32,-1.5531379812171e+32,8.44705307401142e+32,-2.81568435800381e+32
4.75789157831566e+24,1000,3500,2500,CO2,-2.58275949995642e+31,0,-2.50627191095314e+31,8.35423970317712e+30,-5.68511734582851e+31,1.89503911527617e+31
4.76581316263253e+24,1000,1000,5000,CO2,-0.0,0,2.6435255895345e+33,-8.81175196511501e+32,2.25347858812978e+33,-7.51159529376595e+32
4.80146029205841e+24,4500,4500,1000,CO2,-0.0,0,-1.48006369396378e+33,4.93354564654595e+32,-3.26246642513205e+33,1.08748880837735e+33
4.81730346069214e+24,3500,2500,5000,CO2,6.42655730623973e+31,0,1.29465917633239e+33,-4.31553058777463e+32,2.18866873122568e+33,-7.29556243741892e+32
4.83512702540508e+24,2500,2000,2500,CO2,2.24989783486755e+31,0,4.63699664391156e+32,-1.54566554797052e+32,6.50474091311346e+32,-2.16824697103782e+32
4.8371074214843e+24,2500,1500,2000,CO2,4.59122224969231e+31,0,5.10530255702777e+32,-1.70176751900925e+32,6.25762793080029e+32,-2.08587597693343e+32
4.84502900580116e+24,1000,2000,2500,CO2,-1.06839635770094e+31,0,7.36746235159524e+32,-2.45582078386508e+32,7.25673713480031e+32,-2.41891237826677e+32
4.85691138227646e+24,2000,3000,2500,CO2,-3.24911528334765e+31,0,-2.27561683077033e+32,7.58538943590112e+31,-3.69605776914341e+32,1.23201925638114e+32
4.85889177835567e+24,4500,2000,1000,CO2,2.16409093676725e+32,0,-1.28254629352497e+33,4.27515431174991e+32,-2.10159061172466e+33,7.00530203908219e+32
4.87275455091018e+24,2500,4000,4000,CO2,-6.30214781968651e+31,0,1.3513544888055e+32,-4.50451496268499e+31,2.53033608717798e+32,-8.4344536239266e+31
4.87275455091018e+24,3000,4500,3500,CO2,-7.48224176331365e+31,0,-2.34800680422717e+32,7.8266893474239e+31,-4.91511052453183e+32,1.63837017484394e+32
4.88067613522705e+24,4500,1000,1000,CO2,3.39434823968988e+32,0,-1.63355071164326e+32,5.44516903881085e+31,-1.9904332513672e+32,6.63477750455733e+31
4.89255851170234e+24,3000,4500,3500,CO2,-7.54318435142288e+31,0,-2.36713123458831e+32,7.89043744862769e+31,-4.95514392169852e+32,1.65171464056617e+32
4.89453890778156e+24,4500,4000,4500,CO2,3.62285372432643e+31,0,1.21460261743414e+32,-4.04867539144714e+31,2.49356375257304e+32,-8.31187917524347e+31
4.89651930386077e+24,4500,2000,2000,CO2,2.19773839621225e+32,0,-2.00855084321873e+32,6.69516947739578e+31,-3.21130075125696e+32,1.07043358375232e+32
4.90840168033607e+24,3500,5000,1500,CO2,-8.4597069955042e+31,0,-1.30272483066523e+33,4.34241610221742e+32,-2.89659700894563e+33,9.65532336315209e+32
4.91038207641528e+24,4500,3500,5000,CO2,7.62963084549421e+31,0,4.42509385690716e+32,-1.47503128563572e+32,8.6779944223949e+32,-2.89266480746497e+32
4.91632326465293e+24,4000,1000,2500,CO2,2.60370589588162e+32,0,2.00527828941909e+33,-6.68426096473032e+32,2.50440094466989e+33,-8.34800314889963e+32
4.93018603720744e+24,2500,3000,1500,CO2,-2.24323545219071e+31,0,-1.26934868761532e+33,4.23116229205106e+32,-2.12615664052176e+33,7.08718880173919e+32
4.93414682936587e+24,3500,1000,3500,CO2,1.87482713268182e+32,0,3.11585812182499e+33,-1.03861937394166e+33,3.79176650453206e+33,-1.26392216817735e+33
4.93810762152431e+24,3000,2000,2500,CO2,5.88860003268549e+31,0,4.30555725986289e+32,-1.43518575328763e+32,6.41265154379811e+32,-2.13755051459937e+32
4.94206841368274e+24,3000,4000,3000,CO2,-5.27138945375769e+31,0,-3.76940449686998e+32,1.25646816562333e+32,-7.51322606772986e+32,2.50440868924329e+32
4.94602920584117e+24,2500,1500,2000,CO2,4.80032017226763e+31,0,5.33781322646105e+32,-1.77927107548702e+32,6.5426189265351e+32,-2.1808729755117e+32
4.94602920584117e+24,4000,1500,4000,CO2,2.10354335222597e+32,0,2.4444435695551e+33,-8.14814523185034e+32,3.5580055630657e+33,-1.18600185435523e+33
4.94800960192039e+24,2000,5000,3000,CO2,-9.54072772960155e+31,0,-4.32098779738829e+32,1.4403292657961e+32,-9.11243772438455e+32,3.03747924146152e+32
4.95791158231646e+24,4500,4000,5000,CO2,3.71695793023443e+31,0,2.45950738666397e+32,-8.19835795554657e+31,5.00812661533257e+32,-1.66937553844419e+32
4.95989197839568e+24,1000,2500,1500,CO2,-1.68466789181547e+31,0,-5.54502147452635e+32,1.84834049150878e+32,-6.14225764835142e+32,2.04741921611714e+32
4.95989197839568e+24,5000,5000,4000,CO2,-0.0,0,-2.0318196987474e+32,6.772732329158e+31,-4.45784102655235e+32,1.48594700885078e+32
4.96583316663333e+24,3000,1500,1000,CO2,9.18490998423772e+31,0,-7.86949606875286e+32,2.62316535625095e+32,-9.95203855061534e+32,3.31734618353844e+32
4.96781356271254e+24,3000,2000,2000,CO2,5.95966069892297e+31,0,-1.26684616913826e+32,4.22282056379421e+31,-1.80241444451304e+32,6.00804814837681e+31
4.97375475095019e+24,2500,5000,2500,CO2,-1.04978542960005e+32,0,-7.51917830998809e+32,2.50639276999603e+32,-1.61313157877376e+33,5.37710526257921e+32
4.97573514702941e+24,1000,1000,1500,CO2,-0.0,0,3.80172068717476e+32,-1.26724022905825e+32,2.69011890326588e+32,-8.96706301088627e+31
4.98167633526705e+24,2500,3000,1500,CO2,-2.29033632057464e+31,0,-1.29600100599336e+33,4.32000335331118e+32,-2.17079922317666e+33,7.23599741058887e+32
4.98563712742549e+24,3500,1500,4000,CO2,1.48044284845364e+32,0,2.52410877938245e+33,-8.41369593127483e+32,3.54054240132589e+33,-1.18018080044196e+33
4.99355871174235e+24,5000,1000,4500,CO2,4.50825351621026e+32,0,4.07192849059154e+33,-1.35730949686385e+33,5.57316128404383e+33,-1.85772042801461e+33
4.99553910782156e+24,3500,4500,1000,CO2,-6.03105920366805e+31,0,-1.71306404524734e+33,5.71021348415779e+32,-3.67070548263822e+33,1.22356849421274e+33
5.00544108821764e+24,1500,2000,2000,CO2,-1.13954148162627e+31,0,1.12595545287653e+32,-3.75318484292177e+31,1.25698126582055e+32,-4.18993755273516e+31
5.00742148429686e+24,1000,5000,2500,CO2,-4.53775884570176e+31,0,-3.55324068578625e+32,1.18441356192875e+32,-6.80080902560928e+32,2.26693634186976e+32
5.00940188037608e+24,1000,2000,1000,CO2,-1.14211908186735e+31,0,-7.33136652280961e+32,2.44378884093654e+32,-6.83665330584406e+32,2.27888443528135e+32
5.02326465293059e+24,5000,3000,1000,CO2,1.80343480858574e+32,0,-1.69159552454616e+33,5.63865174848719e+32,-3.3085003494422e+33,1.10283344981407e+33
5.0252450490098e+24,3000,3500,3500,CO2,-2.80074912456438e+31,0,4.57756983262366e+31,-1.52585661087455e+31,8.33258630273878e+31,-2.77752876757959e+31
5.0252450490098e+24,5000,1500,2500,CO2,3.75907244376031e+32,0,1.07217888618364e+33,-3.57392962061213e+32,1.66020235892696e+33,-5.53400786308985e+32
5.03316663332667e+24,3500,3500,4500,CO2,-0.0,0,4.14183542811014e+32,-1.38061180937005e+32,7.89995823265135e+32,-2.63331941088378e+32
5.03316663332667e+24,4500,1000,1500,CO2,3.60976586071079e+32,0,5.6004067063009e+32,-1.86680223543363e+32,7.20925312352974e+32,-2.40308437450991e+32
5.04306861372275e+24,4000,4500,2500,CO2,-3.40831167888716e+31,0,-7.5309449765841e+32,2.5103149921947e+32,-1.61735733207402e+33,5.39119110691339e+32
5.06485297059412e+24,2500,1000,1500,CO2,7.66134921624098e+31,0,5.2846577240663e+32,-1.76155257468877e+32,5.45188426445094e+32,-1.81729475481698e+32
5.06881376275255e+24,3000,4500,2500,CO2,-8.09764512724852e+31,0,-7.69151319612652e+32,2.56383773204218e+32,-1.60810179361556e+33,5.36033931205186e+32
5.08663732746549e+24,1500,2500,2000,CO2,-2.34192685931172e+31,0,-2.94998522234268e+32,9.83328407447559e+31,-3.92226087390183e+32,1.30742029130061e+32
5.09059811962393e+24,1000,2500,3000,CO2,-1.77462777285802e+31,0,9.08943440811213e+32,-3.02981146937071e+32,1.04089349019378e+33,-3.46964496731261e+32
5.09257851570314e+24,1500,1000,3000,CO2,1.17357423219737e+31,0,2.11567603350499e+33,-7.05225344501664e+32,1.91131653135235e+33,-6.37105510450782e+32
5.11436287257452e+24,3000,4000,3500,CO2,-5.64513998820329e+31,0,-1.38965142437675e+32,4.63217141458918e+31,-2.79355582710725e+32,9.31185275702416e+31
5.11436287257452e+24,4000,3000,4500,CO2,7.89317800227836e+31,0,6.94761646784939e+32,-2.3158721559498e+32,1.28411487589542e+33,-4.2803829196514e+32
5.11634326865373e+24,4500,2500,1500,CO2,1.82397920780707e+32,0,-1.19233356590363e+33,3.97444521967875e+32,-2.12862048611555e+33,7.09540162038515e+32
5.12426485297059e+24,5000,3000,3000,CO2,1.87668221535988e+32,0,-1.18464702863804e+32,3.94882342879346e+31,-2.21691857652022e+32,7.38972858840074e+31
5.12822564512903e+24,1000,1500,4000,CO2,-5.93593298216256e+30,0,2.39938317428489e+33,-7.99794391428295e+32,2.22355378085132e+33,-7.41184593617106e+32
5.13218643728746e+24,5000,5000,3000,CO2,-0.0,0,-5.3691345199962e+32,1.7897115066654e+32,-1.19673070628372e+33,3.98910235427907e+32
5.13416683336667e+24,2000,4000,3500,CO2,-7.05548315481149e+31,0,1.54830619614371e+31,-5.16102065381236e+30,1.53819077999116e+31,-5.12730259997055e+30
5.14010802160432e+24,3000,5000,2500,CO2,-1.08120651433272e+32,0,-8.15087306141717e+32,2.71695768713906e+32,-1.77697837772192e+33,5.92326125907306e+32
5.1500100020004e+24,2000,5000,2000,CO2,-1.03386482897696e+32,0,-1.10446572692332e+33,3.68155242307773e+32,-2.30350601073228e+33,7.67835336910759e+32
5.15397079415883e+24,5000,4500,2500,CO2,4.07782814661972e+31,0,-7.5102290037983e+32,2.50340966793277e+32,-1.63979081620776e+33,5.4659693873592e+32
5.15595119023805e+24,2000,3500,4500,CO2,-5.41414973687654e+31,0,7.21568676898066e+32,-2.40522892299355e+32,1.25282908609159e+33,-4.17609695363863e+32
5.15793158631726e+24,5000,1500,2500,CO2,3.96020220785429e+32,0,1.12954598662423e+33,-3.76515328874744e+32,1.7490317480369e+33,-5.83010582678966e+32
5.15991198239648e+24,1000,3500,2500,CO2,-3.03766216700422e+31,0,-2.94770278233656e+31,9.82567594112185e+30,-6.68643978531262e+31,2.22881326177087e+31
5.17179435887178e+24,1500,2000,1500,CO2,-1.21654429630534e+31,0,-5.10777506589062e+32,1.70259168863021e+32,-5.79802632211031e+32,1.93267544070344e+32
5.17179435887178e+24,3000,4000,3000,CO2,-5.77284761164653e+31,0,-4.12798142462683e+32,1.37599380820894e+32,-8.22794626375721e+32,2.74264875458574e+32
5.17773554710942e+24,5000,3000,2500,CO2,1.91605401587671e+32,0,-4.75721823054234e+32,1.58573941018078e+32,-9.15049751933484e+32,3.05016583977828e+32
5.18169633926785e+24,1500,1500,3500,CO2,-0.0,0,2.24550972572645e+33,-7.48503241908816e+32,2.37714519535739e+33,-7.92381731785795e+32
5.18169633926785e+24,3000,4500,4500,CO2,-8.45881195041724e+31,0,1.02548112339291e+32,-3.41827041130971e+31,2.04742095369646e+32,-6.82473651232152e+31
5.18367673534707e+24,1500,2000,5000,CO2,-1.22212480676535e+31,0,2.60597249662773e+33,-8.68657498875911e+32,3.25804448132367e+33,-1.08601482710789e+33
5.18565713142629e+24,4000,5000,1000,CO2,-6.94625804037966e+31,0,-1.69771251721602e+33,5.65904172405338e+32,-3.83267637830507e+33,1.27755879276836e+33
5.18565713142629e+24,5000,3000,4000,CO2,1.92190435847606e+32,0,4.13673744885889e+32,-1.37891248295296e+32,7.97329969386193e+32,-2.65776656462064e+32
5.19357871574315e+24,1000,5000,2000,CO2,-4.88222181457326e+31,0,-7.59942750342861e+32,2.53314250114287e+32,-1.40432427295671e+33,4.68108090985571e+32
5.20744148829766e+24,5000,1000,1500,CO2,4.9027207146873e+32,0,5.98418507667809e+32,-1.9947283588927e+32,8.00929514051914e+32,-2.66976504683971e+32
5.20942188437688e+24,5000,2000,1000,CO2,3.25942502733372e+32,0,-1.46277931236198e+33,4.87593104120659e+32,-2.4701000654038e+33,8.23366688467933e+32
5.21536307261452e+24,2000,5000,4500,CO2,-1.05909977408419e+32,0,1.44790054643582e+32,-4.82633515478606e+31,2.83153592341411e+32,-9.43845307804702e+31
5.22130426085217e+24,3000,1500,1500,CO2,1.01542688526617e+32,0,-1.88117536977167e+32,6.27058456590556e+31,-2.34002348541003e+32,7.80007828470009e+31
5.22724544908982e+24,2000,3000,1500,CO2,-3.76349346309606e+31,0,-1.35069511554468e+33,4.5023170518156e+32,-2.12804122818528e+33,7.0934707606176e+32
5.23120624124825e+24,1000,4000,1000,CO2,-3.73962183043994e+31,0,-1.57227825911947e+33,5.24092753039823e+32,-2.3792080742135e+33,7.93069358071165e+32
5.24902980596119e+24,4500,3500,3000,CO2,8.71915630671147e+31,0,-3.3375464226532e+32,1.11251547421773e+32,-6.61914264953339e+32,2.2063808831778e+32
5.25695139027806e+24,3500,4500,3500,CO2,-6.67737779210821e+31,0,-3.01871873253975e+32,1.00623957751325e+32,-6.37252244708608e+32,2.12417414902869e+32
5.26487297459492e+24,2500,5000,2500,CO2,-1.17627157321655e+32,0,-8.42514617806718e+32,2.80838205935573e+32,-1.80749395682927e+33,6.02497985609758e+32
5.28269653930786e+24,1500,4500,3000,CO2,-7.34878690694988e+31,0,-2.64975913211845e+32,8.83253044039482e+31,-5.20273765636741e+32,1.7342458854558e+32
5.28467693538708e+24,1000,2000,3500,CO2,-1.27109022346066e+31,0,1.79425147549023e+33,-5.98083825163409e+32,1.85985612992291e+33,-6.19952043307637e+32
5.28863772754551e+24,1000,1500,4500,CO2,-6.31308617229991e+30,0,2.8806426328458e+33,-9.602142109486e+32,2.72549339225751e+33,-9.0849779741917e+32
5.29061812362473e+24,1500,3000,4500,CO2,-3.77525638115085e+31,0,1.33165981936717e+33,-4.43886606455724e+32,2.0123443006953e+33,-6.70781433565099e+32
5.29853970794159e+24,3000,2000,3500,CO2,6.77958681137577e+31,0,1.50249865519795e+33,-5.00832885065983e+32,2.24592828732954e+33,-7.48642762443181e+32
5.30250050010002e+24,1000,3500,1500,CO2,-3.20790477122903e+31,0,-1.05734256820617e+33,3.52447522735391e+32,-1.47775328910145e+33,4.92584429700483e+32
5.30250050010002e+24,2000,1000,3000,CO2,4.03729757468353e+31,0,2.58014807487592e+33,-8.60049358291974e+32,2.58183351821771e+33,-8.60611172739238e+32
5.31042208441688e+24,3500,3500,3000,CO2,-0.0,0,-3.06048109660953e+32,1.02016036553651e+32,-5.88808793399113e+32,1.96269597799704e+32
5.3124024804961e+24,1000,2500,2500,CO2,-1.93264346506353e+31,0,5.10609805634804e+32,-1.70203268544935e+32,5.65476624464687e+32,-1.88492208154896e+32
5.3124024804961e+24,5000,1500,5000,CO2,4.20093577371267e+32,0,3.32318385273363e+33,-1.10772795091121e+33,5.13060200009873e+33,-1.71020066669958e+33
5.31438287657532e+24,1500,5000,3000,CO2,-8.5955703952662e+31,0,-3.60713118882889e+32,1.20237706294296e+32,-7.43074415204804e+32,2.47691471734935e+32
5.32032406481296e+24,1000,1000,4500,CO2,-0.0,0,2.999477837129e+33,-9.99825945709665e+32,2.50568318822087e+33,-8.35227729406955e+32
5.32032406481296e+24,2500,1000,4000,CO2,8.45371612601736e+31,0,3.87007578136556e+33,-1.29002526045519e+33,4.2886609377926e+33,-1.42955364593087e+33
5.32032406481296e+24,5000,3000,2000,CO2,2.02303954308543e+32,0,-9.46645761456407e+32,3.15548587152136e+32,-1.83546897963532e+33,6.11822993211772e+32
5.32626525305061e+24,2000,2500,3000,CO2,-1.98088857358291e+31,0,6.08235644140581e+32,-2.02745214713527e+32,8.8568718082844e+32,-2.95229060276147e+32
5.32626525305061e+24,3500,1500,1500,CO2,1.68964742950643e+32,0,-2.28954727773733e+32,7.63182425912443e+31,-3.0070342113854e+32,1.00234473712847e+32
5.35597119423885e+24,1000,3500,1500,CO2,-3.27292833814718e+31,0,-1.07877468360305e+33,3.59591561201016e+32,-1.50770704294857e+33,5.02569014316191e+32
5.35993198639728e+24,4000,2000,4500,CO2,1.89009693410849e+32,0,2.08581930816552e+33,-6.95273102721841e+32,3.35590690666872e+33,-1.11863563555624e+33
5.36389277855571e+24,5000,2000,2000,CO2,3.45558922715421e+32,0,-2.55716335852742e+32,8.52387786175806e+31,-4.20459999605802e+32,1.40153333201934e+32
5.36983396679336e+24,3500,1000,3500,CO2,2.22054105649018e+32,0,3.69041538022426e+33,-1.23013846007475e+33,4.49095975472347e+33,-1.49698658490782e+33
5.37181436287258e+24,2000,1500,2500,CO2,2.06272143507766e+31,0,1.35739996934438e+33,-4.52466656448127e+32,1.54706332409703e+33,-5.15687774699011e+32
5.38369673934787e+24,2000,3500,3500,CO2,-5.90345381911306e+31,0,2.47821876987146e+32,-8.26072923290485e+31,4.19547592210344e+32,-1.39849197403448e+32
5.38369673934787e+24,2500,4500,3500,CO2,-1.00456105172206e+32,0,-2.3365899137201e+32,7.78863304573367e+31,-4.85071790840096e+32,1.61690596946699e+32
5.38963792758552e+24,3500,2000,2000,CO2,1.2512871678561e+32,0,-1.91865008480537e+32,6.39550028268455e+31,-2.85892763769281e+32,9.52975879230937e+31
5.39359871974395e+24,3500,1500,3500,CO2,1.73263762305218e+32,0,2.50336518159155e+33,-8.34455060530516e+32,3.49797632324848e+33,-1.16599210774949e+33
5.39359871974395e+24,4000,3500,2500,CO2,4.21337757779142e+31,0,-7.04405869888502e+32,2.34801956629501e+32,-1.38511992932147e+33,4.61706643107156e+32
5.39359871974395e+24,4500,1500,4500,CO2,3.37284878472699e+32,0,3.20928526451675e+33,-1.06976175483892e+33,4.8255269674355e+33,-1.60850898914517e+33
5.39557911582316e+24,2000,4500,1500,CO2,-9.60011919824926e+31,0,-1.65888721589685e+33,5.52962405298951e+32,-3.26189098610881e+33,1.0872969953696e+33
5.39755951190238e+24,4000,2500,3000,CO2,1.37592857541069e+32,0,3.22160905844099e+32,-1.073869686147e+32,5.68601603692575e+32,-1.89533867897525e+32
5.39755951190238e+24,5000,2500,4500,CO2,2.7512112097399e+32,0,1.17102155794627e+33,-3.90340519315424e+32,2.12077054298041e+33,-7.06923514326802e+32
5.40350070014003e+24,4000,3500,2500,CO2,4.22886225933534e+31,0,-7.06994648219309e+32,2.3566488273977e+32,-1.39021041566163e+33,4.6340347188721e+32
5.40746149229846e+24,1000,1000,1500,CO2,-0.0,0,4.49006436160621e+32,-1.4966881205354e+32,3.17719475204625e+32,-1.05906491734875e+32
5.41142228445689e+24,4500,3000,4500,CO2,1.45698832300192e+32,0,7.17718115137217e+32,-2.39239371712406e+32,1.35121477682993e+33,-4.50404925609975e+32
5.41538307661532e+24,4500,4000,2000,CO2,4.43557907382438e+31,0,-1.17751712277827e+33,3.92505707592758e+32,-2.47404752292155e+33,8.24682507640517e+32
5.41736347269454e+24,1000,2500,2000,CO2,-2.00976739613112e+31,0,-4.19918384204721e+31,1.39972794734907e+31,-6.15211286652021e+31,2.05070428884007e+31
5.41934386877375e+24,4500,4500,4500,CO2,-0.0,0,-0.0,-0.0,-0.0,-0.0
5.43518703740748e+24,4500,5000,1000,CO2,-4.10302391169874e+31,0,-1.79535528723736e+33,5.98451762412454e+32,-4.09077304271543e+33,1.36359101423848e+33
5.43914782956591e+24,4000,1500,2500,CO2,2.54389995573604e+32,0,1.31869973948201e+33,-4.39566579827337e+32,1.90607747161508e+33,-6.35359157205026e+32
5.44112822564513e+24,1500,5000,3500,CO2,-9.00830276543657e+31,0,-9.38806495155261e+31,3.12935498385087e+31,-2.14521121086758e+32,7.15070403622526e+31
5.45301060212042e+24,1000,3500,3500,CO2,-3.39245058009643e+31,0,7.85541302229728e+32,-2.61847100743243e+32,1.12143517067298e+33,-3.73811723557659e+32
5.45499099819964e+24,2000,3000,4000,CO2,-4.09850849680481e+31,0,9.32665301015322e+32,-3.10888433671774e+32,1.5027805628855e+33,-5.00926854295167e+32
5.45499099819964e+24,3000,4500,4500,CO2,-9.37461690894778e+31,0,1.13650625353975e+32,-3.78835417846584e+31,2.26908781100283e+32,-7.56362603667608e+31
5.45499099819964e+24,4500,3500,1000,CO2,9.41692143309536e+31,0,-2.05177572339233e+33,6.83925241130775e+32,-4.15493285100086e+33,1.38497761700029e+33
5.47083416683337e+24,1000,3500,5000,CO2,-3.41407000794904e+31,0,1.59069829898393e+33,-5.30232766327975e+32,2.38005960983187e+33,-7.9335320327729e+32
5.47083416683337e+24,3500,4500,4500,CO2,-7.23004895251204e+31,0,6.22831799988853e+31,-2.07610599996284e+31,1.25764489248871e+32,-4.19214964162905e+31
5.49261852370474e+24,2000,3500,1000,CO2,-6.14497249848898e+31,0,-2.16960435286643e+33,7.23201450955475e+32,-3.69846622810379e+33,1.2328220760346e+33
5.49855971194239e+24,3500,3500,5000,CO2,-0.0,0,6.79877484484523e+32,-2.26625828161508e+32,1.29267297426181e+33,-4.30890991420602e+32
5.50252050410082e+24,3000,3000,4500,CO2,-0.0,0,9.6922719684545e+32,-3.23075732281816e+32,1.70528747213123e+33,-5.68429157377076e+32
5.50252050410082e+24,4000,4500,5000,CO2,-4.05566011237721e+31,0,1.66501646488834e+32,-5.55005488296114e+31,3.45684171104233e+32,-1.15228057034744e+32
5.50450090018004e+24,2000,3000,2500,CO2,-4.17331009722819e+31,0,-2.9229048122575e+32,9.74301604085834e+31,-4.7473831682612e+32,1.58246105608707e+32
5.50846169233847e+24,5000,3500,5000,CO2,1.54253872173439e+32,0,5.09972512857138e+32,-1.69990837619046e+32,1.0121199594605e+33,-3.37373319820168e+32
5.5124224844969e+24,2000,2500,3500,CO2,-2.12177342577884e+31,0,1.10710621852416e+33,-3.69035406174719e+32,1.62784034345746e+33,-5.42613447819154e+32
5.5124224844969e+24,3500,5000,1500,CO2,-1.06698943728053e+32,0,-1.64307538634796e+33,5.4769179544932e+32,-3.65336342528864e+33,1.21778780842955e+33
5.5124224844969e+24,5000,2000,2500,CO2,3.64961392844539e+32,0,3.72455374094563e+32,-1.24151791364854e+32,6.46027936012776e+32,-2.15342645337592e+32
5.51836367273455e+24,2500,1500,4500,CO2,5.97553327718166e+31,0,3.53688283481141e+33,-1.17896094493714e+33,4.53143152886538e+33,-1.51047717628846e+33
5.52430486097219e+24,1500,4000,4500,CO2,-6.75340260028959e+31,0,7.41762999266e+32,-2.47254333088667e+32,1.29495750934676e+33,-4.31652503115586e+32
5.52430486097219e+24,2500,1500,2500,CO2,5.98841826575326e+31,0,1.43066839502268e+33,-4.76889465007559e+32,1.76869754518739e+33,-5.89565848395798e+32
5.53816763352671e+24,2000,4500,1000,CO2,-1.01144857264705e+32,0,-2.19109812249722e+33,7.30366040832407e+32,-4.29260916465029e+33,1.4308697215501e+33
5.53816763352671e+24,2500,1500,5000,CO2,6.01847695039331e+31,0,3.90832241337303e+33,-1.30277413779101e+33,5.03996397356774e+33,-1.67998799118925e+33
5.54410882176435e+24,1500,5000,2500,CO2,-9.3565194456034e+31,0,-7.47392313597806e+32,2.49130771199269e+32,-1.50801710874095e+33,5.02672369580317e+32
5.54806961392278e+24,2000,3500,1500,CO2,-6.26966080435357e+31,0,-1.67936786390481e+33,5.59789287968269e+32,-2.8807383352498e+33,9.60246111749935e+32
5.5619323864773e+24,4500,2500,4500,CO2,2.15550047648066e+32,0,1.31331988334575e+33,-4.37773294448583e+32,2.33331396503845e+33,-7.77771321679484e+32
5.56787357471494e+24,2000,4500,1500,CO2,-1.02230203770133e+32,0,-1.76652367132829e+33,5.88841223776095e+32,-3.47353791447378e+33,1.15784597149126e+33
5.56985397079416e+24,3000,2000,3500,CO2,7.49166687310923e+31,0,1.66031053443409e+33,-5.53436844811365e+32,2.48182478043249e+33,-8.2727492681083e+32
5.58965793158632e+24,3000,4500,1000,CO2,-9.84821619990108e+31,0,-2.20258305549657e+33,7.34194351832191e+32,-4.62287498492552e+33,1.54095832830851e+33
5.59361872374475e+24,1500,2000,4500,CO2,-1.42307905977253e+31,0,2.72283191414088e+33,-9.07610638046959e+32,3.36728406923018e+33,-1.12242802307673e+33
5.60946189237848e+24,1000,4000,4000,CO2,-4.29893254176215e+31,0,8.84174127581222e+32,-2.94724709193741e+32,1.39367930569706e+33,-4.64559768565687e+32
5.61144228845769e+24,3000,4000,4000,CO2,-6.79542568760535e+31,0,9.58712456115689e+31,-3.1957081870523e+31,1.83644347557461e+32,-6.12147825191537e+31
5.61342268453691e+24,1500,3500,4500,CO2,-5.62428681110588e+31,0,1.07966124995643e+33,-3.5988708331881e+32,1.76451577746866e+33,-5.88171925822887e+32
5.61540308061612e+24,1500,4500,1500,CO2,-8.30531926229459e+31,0,-1.67912814284446e+33,5.59709380948154e+32,-3.11388601279524e+33,1.03796200426508e+33
5.61936387277456e+24,4500,1500,1000,CO2,3.66112569420084e+32,0,-1.10145367827408e+33,3.67151226091361e+32,-1.6063087692317e+33,5.35436256410565e+32
5.61936387277456e+24,5000,4000,1500,CO2,1.01758032727075e+32,0,-1.65878219690687e+33,5.52927398968957e+32,-3.54752300256389e+33,1.1825076675213e+33
5.62332466493299e+24,4000,2500,3000,CO2,1.49343844891229e+32,0,3.49674752107233e+32,-1.16558250702411e+32,6.17162483753359e+32,-2.05720827917786e+32
5.62332466493299e+24,5000,4500,4500,CO2,4.8531326975905e+31,0,-1.99292569772871e+31,6.6430856590957e+30,-4.1052773243748e+31,1.3684257747916e+31
5.6253050610122e+24,2500,4000,4500,CO2,-8.39831588917813e+31,0,4.09985501277845e+32,-1.36661833759282e+32,7.79553053567443e+32,-2.59851017855814e+32
5.62926585317063e+24,4500,4000,3500,CO2,4.79261936557386e+31,0,-2.57391546502891e+32,8.57971821676302e+31,-5.30139173532209e+32,1.7671305784407e+32
5.63124624924985e+24,1500,4000,1500,CO2,-7.01965716500401e+31,0,-1.65708195358211e+33,5.52360651194036e+32,-2.85713149193148e+33,9.52377163977159e+32
5.64510902180436e+24,2500,5000,4000,CO2,-1.35154492885617e+32,0,-1.31739931914136e+32,4.39133106380452e+31,-2.91871884463271e+32,9.72906281544238e+31
5.64708941788358e+24,3500,3500,4500,CO2,-0.0,0,5.21386221510216e+32,-1.73795407170072e+32,9.94469588302792e+32,-3.31489862767597e+32
5.64906981396279e+24,4500,4000,4500,CO2,4.82593105421562e+31,0,1.61794787646217e+32,-5.39315958820723e+31,3.32162644834523e+32,-1.10720881611508e+32
5.65501100220044e+24,1000,1500,1500,CO2,-7.21808299656172e+30,0,1.36571564062522e+32,-4.55238546875073e+31,1.07876282067243e+32,-3.59587606890809e+31
5.66689337867574e+24,2500,3000,3000,CO2,-2.96371900048227e+31,0,8.35921917694709e+31,-2.7864063923157e+31,1.37378803170245e+32,-4.57929343900817e+31
5.67085417083417e+24,5000,2000,4000,CO2,3.862410722742e+32,0,1.83652866608991e+33,-6.12176222029971e+32,3.11414092392765e+33,-1.03804697464255e+33
5.67085417083417e+24,5000,4500,1000,CO2,4.93701875051781e+31,0,-1.99065684159944e+33,6.63552280533146e+32,-4.43271583649478e+33,1.47757194549826e+33
5.67283456691338e+24,2500,3500,5000,CO2,-5.81484541810687e+31,0,9.36317042231109e+32,-3.12105680743703e+32,1.69544893056246e+33,-5.65149643520821e+32
5.67679535907181e+24,2500,2000,1500,CO2,3.10136942533143e+31,0,-9.03358204534992e+32,3.01119401511664e+32,-1.23444863600552e+33,4.11482878668507e+32
5.67877575515103e+24,1000,1500,4000,CO2,-7.27887356523863e+30,0,2.94221764508835e+33,-9.8073921502945e+32,2.72660875467442e+33,-9.08869584891473e+32
5.67877575515103e+24,1000,3500,4000,CO2,-3.67904896720782e+31,0,1.19105845915157e+33,-3.97019486383857e+32,1.73461275375133e+33,-5.78204251250442e+32
5.68669733946789e+24,3000,3500,2000,CO2,-3.5866632487698e+31,0,-1.26897597857889e+33,4.22991992859631e+32,-2.38660817078436e+33,7.95536056928121e+32
5.69065813162633e+24,4000,4500,2000,CO2,-4.33999296582627e+31,0,-1.33945891287869e+33,4.46486304292897e+32,-2.89163078900387e+33,9.63876929667956e+32
5.69263852770554e+24,1000,3000,4500,CO2,-2.96042187636694e+31,0,1.87001608731108e+33,-6.23338695770359e+32,2.52249047944129e+33,-8.40830159813762e+32
5.69659931986397e+24,4500,5000,2500,CO2,-4.506588959948e+31,0,-9.50670808426036e+32,3.16890269475345e+32,-2.12606106400639e+33,7.08687021335464e+32
5.70650130026005e+24,2500,5000,4500,CO2,-1.38069285018025e+32,0,5.83722188619223e+31,-1.94574062873074e+31,1.09989914457861e+32,-3.66633048192868e+31
5.70848169633927e+24,2000,1000,3500,CO2,4.67918847192139e+31,0,3.61628138928919e+33,-1.20542712976306e+33,3.68109653557399e+33,-1.22703217852466e+33
5.71046209241848e+24,3500,4500,2500,CO2,-7.880176249488e+31,0,-9.77691770406811e+32,3.2589725680227e+32,-2.07551178339754e+33,6.91837261132512e+32
5.72630526105221e+24,3500,4500,1000,CO2,-7.92460925147714e+31,0,-2.25090862531799e+33,7.50302875105998e+32,-4.82318373022619e+33,1.6077279100754e+33
5.72630526105221e+24,4000,3500,3500,CO2,4.74914321835194e+31,0,-4.1436164677716e+31,1.3812054892572e+31,-7.85924279540368e+31,2.61974759846789e+31
5.73224644928986e+24,5000,2000,4000,CO2,3.94649178768552e+32,0,1.87650817555402e+33,-6.25502725184674e+32,3.18193285597836e+33,-1.06064428532612e+33
5.73818763752751e+24,3500,2000,3000,CO2,1.41836264442141e+32,0,1.15616996366511e+33,-3.85389987888368e+32,1.79994724649504e+33,-5.99982415498348e+32
5.74808961792359e+24,4500,5000,5000,CO2,-4.58501628601887e+31,0,2.00752496935451e+31,-6.69174989784836e+30,4.20363082213721e+31,-1.40121027404574e+31
5.75403080616123e+24,1500,4000,3000,CO2,-7.32853966872795e+31,0,-1.52354420676316e+32,5.07848068921052e+31,-2.92385596042837e+32,9.74618653476125e+31
5.75799159831966e+24,3500,1500,1000,CO2,1.97466106809393e+32,0,-1.10772337307515e+33,3.69241124358383e+32,-1.48121795290809e+33,4.93739317636031e+32
5.76789357871574e+24,3000,1500,1000,CO2,1.23915356983233e+32,0,-1.06168859173484e+33,3.53896197244947e+32,-1.34264833496106e+33,4.4754944498702e+32
5.76987397479496e+24,3000,1500,3000,CO2,1.24000462838102e+32,0,2.27519922257225e+33,-7.58399740857416e+32,3.01616419191939e+33,-1.00538806397313e+33
5.77185437087418e+24,1500,1500,2000,CO2,-0.0,0,7.99275528387618e+32,-2.66425176129206e+32,7.9661329363435e+32,-2.65537764544783e+32
5.78571714342869e+24,3000,3500,5000,CO2,-3.71211394810717e+31,0,8.48796722991251e+32,-2.82932240997084e+32,1.58004978580919e+33,-5.26683261936396e+32
5.79561912382477e+24,1000,1500,5000,CO2,-7.58144537909922e+30,0,3.8050132966308e+33,-1.2683377655436e+33,3.66835847531379e+33,-1.22278615843793e+33
5.79561912382477e+24,1500,3000,3500,CO2,-4.53050833214066e+31,0,8.89511117298714e+32,-2.96503705766238e+32,1.31459023022425e+33,-4.38196743408084e+32
5.80750150030006e+24,4000,2500,1000,CO2,1.59286800380585e+32,0,-2.2070759578852e+33,7.35691985961735e+32,-3.83277774987315e+33,1.27759258329105e+33
5.81344268853771e+24,4500,4500,4500,CO2,-0.0,0,-0.0,-0.0,-0.0,-0.0
5.82334466893379e+24,3000,3500,1500,CO2,-3.76111384718441e+31,0,-1.93547601821986e+33,6.45158672739953e+32,-3.63726677621784e+33,1.21242225873928e+33
5.825325065013e+24,2000,2500,1500,CO2,-2.36949049418249e+31,0,-1.35573818631315e+33,4.51912728771049e+32,-1.9323421252075e+33,6.44114041735835e+32
5.825325065013e+24,4000,4500,1500,CO2,-4.54793647600137e+31,0,-1.8474595899118e+33,6.15819863303934e+32,-4.00725390460329e+33,1.33575130153443e+33
5.83126625325065e+24,2500,3000,1500,CO2,-3.13815209407302e+31,0,-1.77574281748209e+33,5.9191427249403e+32,-2.97436584611063e+33,9.91455282036878e+32
5.83918783756751e+24,2500,3000,2000,CO2,-3.14668273617686e+31,0,-1.08243966593202e+33,3.6081322197734e+32,-1.82287185862174e+33,6.07623952873914e+32
5.84116823364673e+24,5000,2500,1500,CO2,3.22204834277813e+32,0,-1.53408595678981e+33,5.11361985596605e+32,-2.80567782649641e+33,9.3522594216547e+32
5.84116823364673e+24,5000,3500,2000,CO2,1.73467131863565e+32,0,-1.28302848033803e+33,4.27676160112675e+32,-2.61659439298052e+33,8.72198130993507e+32
5.84710942188438e+24,1500,1500,5000,CO2,-0.0,0,4.17948351697715e+33,-1.39316117232572e+33,4.62507288650568e+33,-1.54169096216856e+33
5.86493298659732e+24,3000,3500,3000,CO2,-3.8149725768203e+31,0,-3.27213284225797e+32,1.09071094741932e+32,-6.1749553844768e+32,2.05831846149227e+32
5.87087417483497e+24,1000,5000,5000,CO2,-6.22691941219257e+31,0,9.7870896963267e+32,-3.2623632321089e+32,1.80420741822465e+33,-6.01402472741549e+32
5.88275655131026e+24,1500,1000,4000,CO2,1.56601804968985e+31,0,3.95351456886888e+33,-1.31783818962296e+33,3.71976012957737e+33,-1.23992004319246e+33
5.88473694738948e+24,1500,2000,1500,CO2,-1.57506883793761e+31,0,-6.61307390278523e+32,2.20435796759508e+32,-7.50674727523927e+32,2.50224909174642e+32
5.89463892778556e+24,2000,4500,2500,CO2,-1.14570062826442e+32,0,-9.37208299407523e+32,3.12402766469174e+32,-1.86263102708893e+33,6.20877009029645e+32
5.90454090818164e+24,5000,3500,4000,CO2,1.7724633973967e+32,0,1.75492213174781e+32,-5.84974043915935e+31,3.56320451357422e+32,-1.18773483785807e+32
5.90850170034007e+24,3500,2500,3500,CO2,9.66796429384413e+31,0,9.32013156882015e+32,-3.10671052294005e+32,1.58225528869345e+33,-5.27418429564483e+32
5.91048209641928e+24,1500,2000,2000,CO2,-1.58888052794204e+31,0,1.56993731535999e+32,-5.23312438453328e+31,1.75262865762461e+32,-5.84209552541537e+31
5.91048209641928e+24,5000,2000,2500,CO2,4.19573206377003e+32,0,4.28188566256838e+32,-1.42729522085613e+32,7.42697769781523e+32,-2.47565923260508e+32
5.91642328465693e+24,4500,2000,3000,CO2,3.20862907867992e+32,0,1.10735055100776e+33,-3.69116850335922e+32,1.84309351409471e+33,-6.14364504698237e+32
5.91642328465693e+24,5000,4000,2500,CO2,1.12799266835575e+32,0,-9.45291528144812e+32,3.15097176048271e+32,-1.99495555315814e+33,6.64985184386046e+32
5.91840368073615e+24,4000,2000,4000,CO2,2.30449558879255e+32,0,2.16758818469777e+33,-7.22529394899255e+32,3.49029665782646e+33,-1.16343221927549e+33
5.92632526505301e+24,3000,3500,2000,CO2,-3.89530386192447e+31,0,-1.37817427709255e+33,4.59391425697516e+32,-2.5919812872718e+33,8.63993762423934e+32
5.93028605721144e+24,1000,4000,1500,CO2,-4.80585280196612e+31,0,-1.44882141414609e+33,4.8294047138203e+32,-2.23096854348601e+33,7.43656181162005e+32
5.93820764152831e+24,1500,1500,2500,CO2,-0.0,0,1.64022739525689e+33,-5.46742465085629e+32,1.67082440925081e+33,-5.56941469750269e+32
5.93820764152831e+24,5000,2000,2500,CO2,4.23518800021967e+32,0,4.32215177251514e+32,-1.44071725750505e+32,7.49681970764904e+32,-2.49893990254968e+32
5.94018803760752e+24,1500,4000,1000,CO2,-7.81108744050604e+31,0,-2.41722573826134e+33,8.05741912753779e+32,-4.12926296296432e+33,1.37642098765477e+33
5.94216843368674e+24,4500,1000,1000,CO2,5.03137087522251e+32,0,-2.42137780020821e+32,8.07125933402736e+31,-2.95037726916268e+32,9.83459089720893e+31
5.94612922584517e+24,2500,4000,4000,CO2,-9.38443651695115e+31,0,2.01228228453756e+32,-6.70760761512519e+31,3.76788660883132e+32,-1.25596220294377e+32
5.94612922584517e+24,4500,4500,5000,CO2,-0.0,0,1.55485321820763e+32,-5.18284406069211e+31,3.26204505370035e+32,-1.08734835123345e+32
5.94810962192439e+24,2500,1000,2000,CO2,1.05664597028942e+32,0,1.72573344816989e+33,-5.75244482723297e+32,1.80516121830414e+33,-6.01720406101382e+32
5.94810962192439e+24,4000,2000,3500,CO2,2.32768938156355e+32,0,1.73126223124635e+33,-5.7708741041545e+32,2.79002673299066e+33,-9.30008910996886e+32
5.94810962192439e+24,4500,1000,2000,CO2,5.04143698677345e+32,0,1.91820355762905e+33,-6.39401185876351e+32,2.47576306414433e+33,-8.25254354714776e+32
5.95405081016203e+24,4000,4000,5000,CO2,-0.0,0,4.05775129293038e+32,-1.35258376431013e+32,8.16758961778848e+32,-2.72252987259616e+32
5.95801160232047e+24,1500,3000,2500,CO2,-4.78798809013816e+31,0,-1.27839491071212e+32,4.2613163690404e+31,-2.05500922214781e+32,6.8500307404927e+31
5.95801160232047e+24,2000,1000,3500,CO2,5.09720384277696e+31,0,3.93934194030844e+33,-1.31311398010281e+33,4.00994734863843e+33,-1.33664911621281e+33
5.96593318663733e+24,3000,4000,2000,CO2,-7.68213732976186e+31,0,-1.4962477268619e+33,4.98749242287301e+32,-2.98161779887982e+33,9.93872599626607e+32
5.97187437487498e+24,1000,4000,1000,CO2,-4.87354889854803e+31,0,-2.04902402579066e+33,6.83008008596887e+32,-3.1006308699764e+33,1.03354362332547e+33
5.97187437487498e+24,1000,4500,3000,CO2,-5.66876446223495e+31,0,5.55267600891639e+31,-1.85089200297213e+31,5.09218663149466e+31,-1.69739554383155e+31
5.97583516703341e+24,1500,3000,3500,CO2,-4.81664323114022e+31,0,9.45690281985734e+32,-3.15230093995245e+32,1.39761626509158e+33,-4.65872088363859e+32
5.97583516703341e+24,3000,3500,3500,CO2,-3.96056312463233e+31,0,6.47318037895967e+31,-2.15772679298656e+31,1.17831810618085e+32,-3.92772702060282e+31
5.97781556311262e+24,1000,1000,3000,CO2,-0.0,0,2.38971469044037e+33,-7.96571563480122e+32,1.85441065796177e+33,-6.18136885987258e+32
5.97781556311262e+24,5000,4500,4500,CO2,5.48429581797952e+31,0,-2.25211111062839e+31,7.50703703542795e+30,-4.63917981737713e+31,1.54639327245904e+31
5.97979595919184e+24,2000,4500,4000,CO2,-1.1786444322588e+32,0,1.23998321162476e+32,-4.13327737208253e+31,2.24085930217248e+32,-7.4695310072416e+31
5.98573714742949e+24,1500,4500,3500,CO2,-9.43378197761024e+31,0,3.53562750133978e+31,-1.17854250044659e+31,3.55471618626302e+31,-1.18490539542101e+31
5.98573714742949e+24,5000,5000,4000,CO2,-0.0,0,-2.95921155244725e+32,9.8640385081575e+31,-6.49255181100941e+32,2.16418393700314e+32
5.99167833566713e+24,5000,2500,1000,CO2,3.39023345425327e+32,0,-2.28036294222226e+33,7.60120980740753e+32,-4.18252105383054e+33,1.39417368461018e+33
6.00158031606321e+24,4500,2000,1500,CO2,3.30165962319351e+32,0,-1.16559233404305e+33,3.8853077801435e+32,-1.90605756038356e+33,6.35352520127852e+32
6.00356071214243e+24,2500,4000,1500,CO2,-9.56815511774629e+31,0,-2.09570027422626e+33,6.9856675807542e+32,-4.04584533180643e+33,1.34861511060214e+33
6.01148229645929e+24,5000,4000,4000,CO2,1.16444858154714e+32,0,-5.54469656141797e+31,1.84823218713932e+31,-1.11511511111951e+32,3.71705037039837e+31
6.01346269253851e+24,4500,2500,1000,CO2,2.51970546644845e+32,0,-2.33688019512526e+33,7.78960065041753e+32,-4.17945433381519e+33,1.39315144460506e+33
6.01544308861772e+24,2500,5000,1000,CO2,-1.53593302927456e+32,0,-2.49657832507414e+33,8.32192775024713e+32,-5.35444902050066e+33,1.78481634016689e+33
6.01742348469694e+24,4500,4500,1000,CO2,-0.0,0,-2.32463555277197e+33,7.74878517590658e+32,-5.1241345034793e+33,1.7080448344931e+33
6.02336467293459e+24,2000,4500,3500,CO2,-1.19605818995215e+32,0,-1.75820453245078e+32,5.86068177483593e+31,-3.67481809748702e+32,1.22493936582901e+32
6.03128625725145e+24,5000,3500,4000,CO2,1.84937459201114e+32,0,1.83107217118235e+32,-6.10357390394117e+31,3.71782001434962e+32,-1.23927333811654e+32
6.0372274454891e+24,2500,2500,2000,CO2,-0.0,0,-7.5199624786325e+32,2.50665415954417e+32,-1.15701567906276e+33,3.8567189302092e+32
6.03920784156831e+24,5000,4000,1500,CO2,1.17531517810369e+32,0,-1.91590957582859e+33,6.38636525276198e+32,-4.09742358204604e+33,1.36580786068201e+33
6.04514902980596e+24,4500,4500,2500,CO2,-0.0,0,-1.06001767250786e+33,3.53339224169286e+32,-2.29737220809376e+33,7.65790736031254e+32
6.04712942588518e+24,2500,4000,4000,CO2,-9.70594982055102e+31,0,2.08122361350371e+32,-6.93741204501238e+31,3.89697541123377e+32,-1.29899180374459e+32
6.05109021804361e+24,3000,1500,4500,CO2,1.36382019336887e+32,0,4.24047206320026e+33,-1.41349068773342e+33,5.72137737771562e+33,-1.90712579257187e+33
6.05307061412282e+24,4000,5000,3500,CO2,-9.46088513152989e+31,0,-5.05684149907561e+32,1.6856138330252e+32,-1.11142683912281e+33,3.70475613040936e+32
6.0629725945189e+24,4500,1000,3500,CO2,5.2380255687347e+32,0,4.80353498489458e+33,-1.60117832829819e+33,6.32006841588745e+33,-2.10668947196248e+33
6.07683536707342e+24,1000,3000,2500,CO2,-3.37364474066189e+31,0,2.64622074824611e+32,-8.82073582748703e+31,3.1119552470014e+32,-1.03731841566713e+32
6.07683536707342e+24,3000,4500,2000,CO2,-1.16391250000854e+32,0,-1.58379777069178e+33,5.27932590230594e+32,-3.31619800655314e+33,1.10539933551771e+33
6.07881576315263e+24,1000,4000,4000,CO2,-5.04842824917074e+31,0,1.03832511896948e+33,-3.46108372989826e+32,1.63665977747157e+33,-5.45553259157189e+32
6.08079615923185e+24,2500,3500,4500,CO2,-6.68171251765417e+31,0,8.26369567567987e+32,-2.75456522522662e+32,1.4947404149035e+33,-4.98246804967832e+32
6.08079615923185e+24,4000,3500,1500,CO2,5.35545344054761e+31,0,-2.05596277324302e+33,6.85320924414341e+32,-4.07182369506942e+33,1.35727456502314e+33
6.08475695139028e+24,2000,3000,4000,CO2,-5.09946052566521e+31,0,1.1604440712745e+33,-3.86814690424832e+32,1.86979486931548e+33,-6.23264956438495e+32
6.08475695139028e+24,2500,5000,4500,CO2,-1.5697977628113e+32,0,6.6367098640233e+31,-2.2122366213411e+31,1.2505454897171e+32,-4.16848496572366e+31
6.09069813962793e+24,4500,4500,5000,CO2,-0.0,0,1.63137897970497e+32,-5.43792993234989e+31,3.4225942803732e+32,-1.1408647601244e+32
6.10258051610322e+24,3500,2000,5000,CO2,1.60420568316417e+32,0,3.15576245056441e+33,-1.0519208168548e+33,4.92465669885607e+33,-1.64155223295202e+33
6.11050210042009e+24,4500,2500,3000,CO2,2.60168209201586e+32,0,3.63263254622007e+32,-1.21087751540669e+32,6.60159391826238e+32,-2.20053130608746e+32
6.12040408081616e+24,2000,3000,1500,CO2,-5.15947570462533e+31,0,-1.8517047262986e+33,6.17234908766201e+32,-2.91738968671692e+33,9.7246322890564e+32
6.12238447689538e+24,3000,4500,4000,CO2,-1.181065197472e+32,0,-8.94614087406242e+31,2.98204695802081e+31,-1.93103847844783e+32,6.43679492815944e+31
6.12832566513303e+24,5000,2000,3500,CO2,4.51071631922409e+32,0,1.68759594405103e+33,-5.62531981350343e+32,2.87122458285594e+33,-9.5707486095198e+32
6.13030606121224e+24,4000,1000,2500,CO2,4.0483250780306e+32,0,3.11787072431114e+33,-1.03929024143705e+33,3.89392256851563e+33,-1.29797418950521e+33
6.13426685337067e+24,4500,3000,4000,CO2,1.8722511191767e+32,0,6.32671837665518e+32,-2.10890612555173e+32,1.19856702301521e+33,-3.99522341005068e+32
6.13426685337067e+24,5000,1000,3500,CO2,6.80320682806514e+32,0,4.91498415950972e+33,-1.63832805316991e+33,6.68318801088355e+33,-2.22772933696118e+33
6.14218843768754e+24,3000,1000,1000,CO2,1.91971087692765e+32,0,-1.96086724891805e+32,6.53622416306016e+31,-2.05039430240393e+32,6.83464767467976e+31
6.14812962592519e+24,4500,2500,3000,CO2,2.63382225606464e+32,0,3.67750866937236e+32,-1.22583622312412e+32,6.68314743018741e+32,-2.22771581006247e+32
6.15209041808362e+24,1000,3500,4000,CO2,-4.31788974506572e+31,0,1.39787731894405e+33,-4.65959106314683e+32,2.03581596435435e+33,-6.78605321451449e+32
6.15605121024205e+24,3000,4500,4000,CO2,-1.19409016631093e+32,0,-9.04480029300283e+31,3.01493343100094e+31,-1.95233426809805e+32,6.50778089366016e+31
6.1619923984797e+24,4000,3000,4000,CO2,1.14582201795531e+32,0,7.0359972183664e+32,-2.34533240612213e+32,1.30644937801608e+33,-4.3548312600536e+32
6.16793358671734e+24,2000,5000,2500,CO2,-1.48276299293569e+32,0,-1.09018349907898e+33,3.63394499692995e+32,-2.28336135179088e+33,7.61120450596961e+32
6.17585517103421e+24,1000,4500,4500,CO2,-6.05924838753655e+31,0,1.09222715581797e+33,-3.6407571860599e+32,1.87322248256619e+33,-6.24407494188729e+32
6.18179635927186e+24,2500,4000,4500,CO2,-1.01421361483603e+32,0,4.95114595316869e+32,-1.65038198438957e+32,9.41418887843806e+32,-3.13806295947935e+32
6.18377675535107e+24,1500,4500,5000,CO2,-1.00616851161314e+32,0,8.76155583879311e+32,-2.92051861293104e+32,1.63117187546984e+33,-5.43723958489946e+32
6.18377675535107e+24,1500,5000,4000,CO2,-1.16316718438633e+32,0,1.82708297032063e+32,-6.09027656773543e+31,3.30142677555319e+32,-1.10047559185106e+32
6.18575715143029e+24,3500,1500,2000,CO2,2.27895758272435e+32,0,7.62036795582436e+32,-2.54012265194145e+32,1.05559321173191e+33,-3.51864403910637e+32
6.2253650730146e+24,4500,3500,2500,CO2,1.22644530455605e+32,0,-9.36199786303184e+32,3.12066595434395e+32,-1.87069389011547e+33,6.2356463003849e+32
6.22734546909382e+24,2000,2000,3000,CO2,-0.0,0,1.63624581186802e+33,-5.45415270622673e+32,2.14781650044472e+33,-7.15938833481574e+32
6.22932586517303e+24,1500,1500,1000,CO2,-0.0,0,-8.2482901386797e+32,2.74943004622657e+32,-7.89064589978081e+32,2.63021529992694e+32
6.23328665733147e+24,2500,3500,4000,CO2,-7.02132999611944e+31,0,5.53579928003552e+32,-1.84526642667851e+32,9.97929371423542e+32,-3.32643123807847e+32
6.2372474494899e+24,3000,3500,1000,CO2,-4.31477393497434e+31,0,-2.85660177881953e+33,9.52200592939842e+32,-5.36364136841187e+33,1.78788045613729e+33
6.2372474494899e+24,5000,3000,3500,CO2,2.78043360048511e+32,0,2.4945828696231e+32,-8.31527623207699e+31,4.89056338659091e+32,-1.6301877955303e+32
6.23922784556911e+24,1500,3000,4500,CO2,-5.25043529639676e+31,0,1.8520050064169e+33,-6.17335002138967e+32,2.79866649524147e+33,-9.32888831747156e+32
6.24120824164833e+24,5000,2000,4500,CO2,4.6784043607946e+32,0,2.61482490892279e+33,-8.71608302974262e+32,4.42051941132831e+33,-1.47350647044277e+33
6.24318863772755e+24,3000,1000,4500,CO2,1.98336250191186e+32,0,6.15877137063827e+33,-2.05292379021276e+33,7.2752186849956e+33,-2.42507289499853e+33
6.24912982596519e+24,1000,5000,3500,CO2,-7.06390654574697e+31,0,2.98840136489524e+32,-9.96133788298413e+31,5.01838954484742e+32,-1.67279651494914e+32
6.25309061812362e+24,1000,2500,1500,CO2,-2.67768390006687e+31,0,-8.81349659478797e+32,2.93783219826266e+32,-9.76276956126302e+32,3.25425652042101e+32
6.25309061812362e+24,1000,3000,4500,CO2,-3.57203605681269e+31,0,2.2563557390315e+33,-7.52118579677168e+32,3.04362936156542e+33,-1.01454312052181e+33
6.25309061812362e+24,2000,2500,4500,CO2,-2.73022658006799e+31,0,2.32508968821507e+33,-7.75029896071689e+32,3.46540151316926e+33,-1.15513383772309e+33
6.25507101420284e+24,1500,1500,5000,CO2,-0.0,0,4.78304716701708e+33,-1.59434905567236e+33,5.29298457026777e+33,-1.76432819008926e+33
6.25705141028206e+24,2000,4500,5000,CO2,-1.28989707985841e+32,0,6.30497307418882e+32,-2.10165769139627e+32,1.22128057004949e+33,-4.07093523349831e+32
6.27289457891578e+24,1000,3500,3500,CO2,-4.48928134288452e+31,0,1.03951872810035e+33,-3.46506242700116e+32,1.4840121823716e+33,-4.94670727457201e+32
6.274874974995e+24,4000,4000,4500,CO2,-0.0,0,2.46422840010306e+32,-8.21409466701019e+31,4.98452327546837e+32,-1.66150775848946e+32
6.27685537107422e+24,4000,1500,3000,CO2,3.38783728508797e+32,0,2.61633062573448e+33,-8.72110208578159e+32,3.79017226662836e+33,-1.26339075554279e+33
6.27883576715343e+24,3500,5000,2000,CO2,-1.38422686505634e+32,0,-1.64515710734663e+33,5.48385702448877e+32,-3.64308178766298e+33,1.21436059588766e+33
6.29071814362873e+24,2500,5000,1000,CO2,-1.67972230427038e+32,0,-2.73030022602334e+33,9.10100075341113e+32,-5.85571589085603e+33,1.95190529695201e+33
6.29665933186637e+24,4000,1500,2000,CO2,3.40924880809513e+32,0,7.55981981855124e+32,-2.51993993951708e+32,1.0963727337407e+33,-3.65457577913566e+32
6.29863972794559e+24,1000,4000,2000,CO2,-5.42131429703299e+31,0,-9.25972275182355e+32,3.08657425060785e+32,-1.46585816921993e+33,4.88619389739976e+32
6.29863972794559e+24,5000,5000,1500,CO2,-0.0,0,-1.92913550254736e+33,6.43045167515788e+32,-4.40214882709091e+33,1.46738294236364e+33
6.30062012402481e+24,3000,4000,4000,CO2,-8.5671083209805e+31,0,1.20866503995435e+32,-4.02888346651452e+31,2.31523541038822e+32,-7.71745136796072e+31
6.30260052010402e+24,2500,4000,1500,CO2,-1.05450818634632e+32,0,-2.30967523843861e+33,7.69891746146203e+32,-4.4589337971413e+33,1.48631126571377e+33
6.30260052010402e+24,3000,4000,3500,CO2,-8.57296795847489e+31,0,-2.11038825600898e+32,7.03462752002994e+31,-4.24242173729047e+32,1.41414057909682e+32
6.30458091618324e+24,4000,5000,5000,CO2,-1.02570310551632e+32,0,5.72228545963409e+31,-1.90742848654469e+31,1.19467080643181e+32,-3.98223602143936e+31
6.31052210442088e+24,4500,2500,1000,CO2,2.77479639052994e+32,0,-2.57346218313138e+33,8.57820727710458e+32,-4.6025755606275e+33,1.5341918535425e+33
6.3125025005001e+24,1000,4000,1500,CO2,-5.44530619324322e+31,0,-1.64159755707156e+33,5.47199185690521e+32,-2.52781500544611e+33,8.42605001815371e+32
6.32636527305461e+24,3000,1000,1500,CO2,2.03656408504764e+32,0,8.5384776416598e+32,-2.8461592138866e+32,9.44698983122477e+32,-3.14899661040826e+32
6.32636527305461e+24,5000,3000,3500,CO2,2.86045491701838e+32,0,2.56637735714251e+32,-8.55459119047504e+31,5.03131457040488e+32,-1.67710485680163e+32
6.33032606521304e+24,2500,3500,5000,CO2,-7.24085911235269e+31,0,1.1659363748826e+33,-3.88645458294201e+32,2.11123528755622e+33,-7.03745095852074e+32
6.33032606521304e+24,2500,4000,3500,CO2,-1.06369880856444e+32,0,-1.23287699358339e+32,4.10958997861131e+31,-2.5038242722952e+32,8.34608090765068e+31
6.33032606521304e+24,3500,3000,2000,CO2,5.35511620476318e+31,0,-1.36368426476103e+33,4.5456142158701e+32,-2.47355977419188e+33,8.24519924730626e+32
6.33230646129226e+24,3500,4000,2500,CO2,-5.00572389675362e+31,0,-1.1232642964621e+33,3.74421432154032e+32,-2.28185855609852e+33,7.60619518699508e+32
6.34022804560912e+24,1500,4000,3000,CO2,-8.89780400894755e+31,0,-1.84978158862843e+32,6.16593862876142e+31,-3.54994288934517e+32,1.18331429644839e+32
6.34022804560912e+24,4500,4500,4500,CO2,-0.0,0,-0.0,-0.0,-0.0,-0.0
6.34616923384677e+24,1500,1000,4000,CO2,1.8224612781006e+31,0,4.6009222023955e+33,-1.53364073413183e+33,4.32888931345322e+33,-1.44296310448441e+33
6.34814962992599e+24,1500,4000,2000,CO2,-8.92059832282431e+31,0,-1.38890038298649e+33,4.62966794328831e+32,-2.4253493871733e+33,8.08449795724435e+32
6.35409081816363e+24,1000,2500,3500,CO2,-2.76487794173353e+31,0,2.00033108406205e+33,-6.66777028020684e+32,2.34402269515841e+33,-7.81340898386137e+32
6.35805161032207e+24,3500,4000,3000,CO2,-5.04640248737693e+31,0,-6.61422826426537e+32,2.20474275475512e+32,-1.34017651648294e+33,4.46725505494314e+32
6.37191438287658e+24,3500,1000,2000,CO2,3.1266334352906e+32,0,2.14142871047355e+33,-7.13809570157851e+32,2.52910025954297e+33,-8.43033419847658e+32
6.37587517503501e+24,3500,1000,3500,CO2,3.13052159527295e+32,0,5.20275227947384e+33,-1.73425075982461e+33,6.33136075307949e+33,-2.11045358435983e+33
6.38181636327266e+24,2500,5000,4500,CO2,-1.72681511412929e+32,0,7.30053970822482e+31,-2.43351323607494e+31,1.37562997203053e+32,-4.58543324010177e+31
6.38181636327266e+24,4500,3000,3500,CO2,2.02642255613387e+32,0,3.04187535861576e+32,-1.01395845287192e+32,5.83564386024191e+32,-1.94521462008064e+32
6.38379675935187e+24,1000,5000,5000,CO2,-7.36250840894433e+31,0,1.15719387739636e+33,-3.85731292465453e+32,2.13323658278748e+33,-7.1107886092916e+32
6.39369873974795e+24,4000,4500,2000,CO2,-5.47858459546789e+31,0,-1.69086425350053e+33,5.63621417833508e+32,-3.65024644536519e+33,1.21674881512173e+33
6.3996399279856e+24,3500,1500,1500,CO2,2.43927962847016e+32,0,-3.3053321867482e+32,1.10177739558273e+32,-4.34114074087509e+32,1.44704691362503e+32
6.40954190838168e+24,5000,2000,2500,CO2,4.93419055234222e+32,0,5.03550738258308e+32,-1.67850246086103e+32,8.73414284612071e+32,-2.9113809487069e+32
6.41152230446089e+24,3500,1500,3500,CO2,2.44834599437038e+32,0,3.53744143221307e+33,-1.17914714407102e+33,4.94290104606018e+33,-1.64763368202006e+33
6.41746349269854e+24,2000,3000,1000,CO2,-5.67247115721215e+31,0,-2.81779048102811e+33,9.39263493676035e+32,-4.40465502926167e+33,1.46821834308722e+33
6.42934586917384e+24,5000,3000,2500,CO2,2.9543476347387e+32,0,-7.33511493459012e+32,2.44503831153004e+32,-1.41090754639084e+33,4.70302515463614e+32
6.43330666133227e+24,1000,4000,5000,CO2,-5.65275420036841e+31,0,1.77771164505187e+33,-5.92570548350624e+32,2.87850568633979e+33,-9.59501895446597e+32
6.44122824564913e+24,4500,2000,1000,CO2,3.80310600923468e+32,0,-2.25390690989761e+33,7.51302303299203e+32,-3.69326988464757e+33,1.23108996154919e+33
6.45707141428286e+24,4000,3000,5000,CO2,1.25813937851018e+32,0,1.38478942132691e+33,-4.61596473775638e+32,2.5494703125971e+33,-8.49823437532367e+32
6.46697339467894e+24,3000,2500,3000,CO2,4.9073020263287e+31,0,6.20651983114748e+32,-2.06883994371583e+32,1.01638138987626e+33,-3.38793796625419e+32
6.47093418683737e+24,4500,3500,2500,CO2,1.32511173777619e+32,0,-1.01151622589723e+33,3.37172075299075e+32,-2.02118954866521e+33,6.73729849555071e+32
6.47885577115423e+24,1000,3500,3000,CO2,-4.78901571761008e+31,0,5.81192142198587e+32,-1.93730714066196e+32,7.99015874024596e+32,-2.66338624674865e+32
6.47885577115423e+24,4000,1500,2500,CO2,3.60939927392276e+32,0,1.87103029404761e+33,-6.23676764682536e+32,2.70442814646672e+33,-9.0147604882224e+32
6.48083616723345e+24,1500,1500,2500,CO2,-0.0,0,1.95368880466357e+33,-6.51229601554523e+32,1.99013316833468e+33,-6.63377722778226e+32
6.48083616723345e+24,2000,3500,4500,CO2,-8.55410848133967e+31,0,1.14004544367915e+33,-3.80015147893052e+32,1.9794125452444e+33,-6.59804181748134e+32
6.48083616723345e+24,3000,3000,4500,CO2,-0.0,0,1.34451093470344e+33,-4.48170311567813e+32,2.36557296427044e+33,-7.88524321423481e+32
6.48281656331266e+24,4000,2000,2000,CO2,2.76499702376886e+32,0,-3.21276891589056e+32,1.07092297196352e+32,-4.97326500200856e+32,1.65775500066952e+32
6.48479695939188e+24,3500,3000,4000,CO2,5.61958261494742e+31,0,8.67721312584562e+32,-2.89240437528187e+32,1.57309225355256e+33,-5.2436408451752e+32
6.48875775155031e+24,1000,2500,1000,CO2,-2.88332096993833e+31,0,-1.7466603840091e+33,5.82220128003032e+32,-1.88070413942855e+33,6.26901379809518e+32
6.49073814762953e+24,1000,5000,4000,CO2,-7.61815024851874e+31,0,6.68759366868081e+32,-2.22919788956027e+32,1.19268881251867e+33,-3.97562937506225e+32
6.49271854370874e+24,3000,3500,3500,CO2,-4.67533649785918e+31,0,7.64141247863221e+31,-2.5471374928774e+31,1.39097231241e+32,-4.6365743747e+31
6.49469893978796e+24,5000,3500,1000,CO2,2.14455295344953e+32,0,-2.82490634859354e+33,9.41635449531178e+32,-5.81773310801145e+33,1.93924436933715e+33
6.49667933586717e+24,3000,3000,2500,CO2,-0.0,0,-6.46376226815731e+32,2.1545874227191e+32,-1.13659549913822e+33,3.78865166379406e+32
6.5244048809762e+24,4500,2500,2500,CO2,2.96607628359449e+32,0,-2.58770314200039e+32,8.62567714000131e+31,-4.48459690472236e+32,1.49486563490745e+32
6.52638527705541e+24,5000,2000,3000,CO2,5.11572674896916e+32,0,1.283683396767e+33,-4.27894465589e+32,2.1943887858672e+33,-7.31462928622399e+32
6.52836567313463e+24,1500,3000,4500,CO2,-5.74834154993058e+31,0,2.02763327763924e+33,-6.75877759213081e+32,3.06406802309052e+33,-1.02135600769684e+33
6.53628725745149e+24,2000,4500,1500,CO2,-1.40884351135293e+32,0,-2.43446194981498e+33,8.11487316604994e+32,-4.7869134284896e+33,1.59563780949653e+33
6.54222844568914e+24,4000,4000,1000,CO2,-0.0,0,-2.96389366891368e+33,9.87964556304561e+32,-6.18445560504606e+33,2.06148520168202e+33
6.550150030006e+24,3500,4000,2000,CO2,-5.35613702940996e+31,0,-1.79306847399202e+33,5.97689491330674e+32,-3.65250854950624e+33,1.21750284983541e+33
6.55213042608522e+24,1000,3500,4000,CO2,-4.89768891762763e+31,0,1.58558199894265e+33,-5.28527332980885e+32,2.30918200223659e+33,-7.69727334078863e+32
6.55411082216443e+24,1000,4500,2000,CO2,-6.82924106320162e+31,0,-1.13382613176218e+33,3.77942043920728e+32,-1.94728851024468e+33,6.4909617008156e+32
6.55411082216443e+24,4500,1000,2000,CO2,6.1210225099684e+32,0,2.32897231201206e+33,-7.76324104004021e+32,3.00592896127311e+33,-1.00197632042437e+33
6.55609121824365e+24,4500,1500,2500,CO2,4.98345228270363e+32,0,1.87144399539399e+33,-6.23814665131329e+32,2.80601248948815e+33,-9.35337496496051e+32
6.56401280256051e+24,5000,2000,2500,CO2,5.17488583715376e+32,0,5.28114501468589e+32,-1.76038167156196e+32,9.1602040161608e+32,-3.05340133872027e+32
6.57589517903581e+24,1000,4000,2500,CO2,-5.90892768634029e+31,0,-3.0695511919737e+32,1.0231837306579e+32,-5.26122869738617e+32,1.75374289912872e+32
6.58579715943189e+24,3500,4500,3500,CO2,-1.04798418024467e+32,0,-4.73774223176172e+32,1.57924741058724e+32,-1.00013851555518e+33,3.3337950518506e+32
6.5877775555111e+24,5000,4000,2000,CO2,1.39852315743664e+32,0,-1.69577889019467e+33,5.65259630064892e+32,-3.60404064442227e+33,1.20134688147409e+33
6.58975795159032e+24,1500,4000,4000,CO2,-9.61069822812168e+31,0,7.11513989647948e+32,-2.37171329882649e+32,1.22546551185722e+33,-4.08488503952406e+32
6.58975795159032e+24,5000,2500,3500,CO2,4.10082450775794e+32,0,9.24118692860113e+32,-3.08039564286704e+32,1.69363610111728e+33,-5.64545367039092e+32
6.59371874374875e+24,3500,1500,3000,CO2,2.58947273951407e+32,0,2.93610779991913e+33,-9.78702599973043e+32,4.08468509285503e+33,-1.36156169761834e+33
6.60164032806561e+24,2000,2500,5000,CO2,-3.0430269148466e+31,0,2.97573442385226e+33,-9.9191147461742e+32,4.45827868582978e+33,-1.48609289527659e+33
6.60164032806561e+24,3500,1000,2500,CO2,3.35614582699364e+32,0,3.55105868631883e+33,-1.18368622877294e+33,4.23911765036502e+33,-1.41303921678834e+33
6.61154230846169e+24,1000,1500,2500,CO2,-9.86644105600958e+30,0,1.95314201956293e+33,-6.51047339854311e+32,1.67681535741642e+33,-5.58938452472138e+32
6.61748349669934e+24,2500,1000,1500,CO2,1.30784810427032e+32,0,9.02129558522949e+32,-3.00709852840983e+32,9.30676346778222e+32,-3.10225448926074e+32
6.62144428885777e+24,1000,4500,3500,CO2,-6.96807366899958e+31,0,5.3901516435914e+32,-1.79671721453047e+32,8.77553050790582e+32,-2.92517683596861e+32
6.6254050810162e+24,4000,1500,3000,CO2,3.77453252825841e+32,0,2.91496439187959e+33,-9.71654797293197e+32,4.2227909147414e+33,-1.40759697158047e+33
6.63332666533307e+24,3500,2500,5000,CO2,1.21852135470656e+32,0,2.45476664760479e+33,-8.18255549201597e+32,4.14987287950826e+33,-1.38329095983609e+33
6.63530706141228e+24,1000,3000,4500,CO2,-4.0220590295531e+31,0,2.54062272320772e+33,-8.4687424106924e+32,3.42708101530764e+33,-1.14236033843588e+33
6.66501300260052e+24,3000,3000,3500,CO2,-0.0,0,5.65824648181731e+32,-1.88608216060577e+32,9.96153466763229e+32,-3.32051155587743e+32
6.67095419083817e+24,3500,5000,2000,CO2,-1.5625176919166e+32,0,-1.85705620307176e+33,6.19018734357254e+32,-4.1123170558396e+33,1.37077235194653e+33
6.67689537907582e+24,3000,1000,3000,CO2,2.26849953662066e+32,0,4.61485362840379e+33,-1.53828454280126e+33,5.29266932491224e+33,-1.76422310830408e+33
6.67887577515503e+24,2000,4500,1000,CO2,-1.47101920638576e+32,0,-3.18666465941409e+33,1.06222155313803e+33,-6.24303666787769e+33,2.0810122226259e+33
6.67887577515503e+24,3500,3000,5000,CO2,5.96072856169466e+31,0,1.60441504496189e+33,-5.34805014987296e+32,2.89346814372906e+33,-9.64489381243019e+32
6.68085617123425e+24,1000,1000,2000,CO2,-0.0,0,1.48552963152074e+33,-4.95176543840247e+32,1.08480746390378e+33,-3.61602487967925e+32
6.6867973594719e+24,3500,3500,3000,CO2,-0.0,0,-4.85252681114421e+32,1.61750893704807e+32,-9.33582128565324e+32,3.11194042855108e+32
6.68877775555111e+24,4500,2500,4500,CO2,3.11738359260337e+32,0,1.89938341506024e+33,-6.33127805020081e+32,3.37454561034446e+33,-1.12484853678149e+33
6.69273854770954e+24,3500,3000,5000,CO2,5.98549859288651e+31,0,1.61108225188082e+33,-5.37027417293606e+32,2.90549205916674e+33,-9.6849735305558e+32
6.70462092418484e+24,3000,2500,5000,CO2,5.27446167345197e+31,0,2.66880374365797e+33,-8.89601247885989e+32,4.3765893955753e+33,-1.45886313185843e+33
6.70660132026405e+24,2500,5000,3500,CO2,-1.9080656805138e+32,0,-5.07878937856014e+32,1.69292979285338e+32,-1.09634545801584e+33,3.65448486005281e+32
6.70660132026405e+24,4500,3000,4500,CO2,2.23788723892601e+32,0,1.10239195857268e+33,-3.67463986190893e+32,2.07542247139339e+33,-6.91807490464463e+32
6.72244448889778e+24,1500,1000,1000,CO2,2.0449822774778e+31,0,-7.83642296364442e+31,2.61214098788147e+31,-6.21555573104741e+31,2.07185191034914e+31
6.73036607321464e+24,2500,3000,5000,CO2,-4.18019837270733e+31,0,1.96418861320846e+33,-6.54729537736154e+32,3.3412843083125e+33,-1.11376143610417e+33
6.73630726145229e+24,1000,3000,3500,CO2,-4.14557495228181e+31,0,1.66655583436421e+33,-5.55518611454736e+32,2.17283990312303e+33,-7.24279967707678e+32
6.73630726145229e+24,3000,4500,2000,CO2,-1.43024081593676e+32,0,-1.94620490442058e+33,6.48734968140193e+32,-4.07501572726955e+33,1.35833857575652e+33
6.73828765753151e+24,1000,3000,5000,CO2,-4.14770861698666e+31,0,2.98813656571699e+33,-9.96045521905664e+32,4.0844971130419e+33,-1.36149903768063e+33
6.73828765753151e+24,1500,5000,2500,CO2,-1.38213328624818e+32,0,-1.10403852684234e+33,3.68012842280779e+32,-2.22762390901887e+33,7.42541303006289e+32
6.74422884576915e+24,1500,2500,5000,CO2,-4.11683148089582e+31,0,3.367335313767e+33,-1.122445104589e+33,4.68202997700356e+33,-1.56067665900119e+33
6.77195439087818e+24,4500,4000,4000,CO2,6.93554652603997e+31,0,-4.08589817304918e+31,1.36196605768306e+31,-8.14682566351015e+31,2.71560855450338e+31
6.77591518303661e+24,4000,3000,4500,CO2,1.38549429450353e+32,0,1.21951930817037e+33,-4.0650643605679e+32,2.25401458516034e+33,-7.51338195053445e+32
6.77789557911582e+24,2500,1000,2500,CO2,1.37202277628769e+32,0,3.45918381504097e+33,-1.15306127168032e+33,3.67789794926987e+33,-1.22596598308996e+33
6.77789557911582e+24,3500,1000,2000,CO2,3.53774765623796e+32,0,2.42300050782076e+33,-8.07666835940255e+32,2.86164614457192e+33,-9.53882048190639e+32
6.78383676735347e+24,4500,3500,2000,CO2,1.45636603550224e+32,0,-1.76857902111549e+33,5.89526340371829e+32,-3.55368792175255e+33,1.18456264058418e+33
6.78581716343269e+24,3000,4500,5000,CO2,-1.45037846504651e+32,0,4.13365117935053e+32,-1.37788372645018e+32,8.36385323325195e+32,-2.78795107775065e+32
6.78977795559112e+24,2000,2000,3500,CO2,-0.0,0,2.70882909960917e+33,-9.02943033203058e+32,3.59259950364171e+33,-1.19753316788057e+33
6.79175835167034e+24,4500,4000,4000,CO2,6.97617058201394e+31,0,-4.10983078678952e+31,1.36994359559651e+31,-8.19454462848602e+31,2.73151487616201e+31
6.79373874774955e+24,2500,1000,5000,CO2,1.37844056081231e+32,0,7.61516466702855e+33,-2.53838822234285e+33,8.6121085486726e+33,-2.87070284955754e+33
6.79769953990798e+24,1000,2000,2000,CO2,-2.10311764821302e+31,0,5.23183187539148e+32,-1.74394395846383e+32,4.9380409662286e+32,-1.64601365540953e+32
6.81156231246249e+24,1500,3000,4000,CO2,-6.2580085024529e+31,0,1.76144934662376e+33,-5.87149782207921e+32,2.63656793827219e+33,-8.78855979424063e+32
6.81552310462092e+24,4000,4500,4000,CO2,-6.22387132141432e+31,0,-2.19094111902935e+32,7.30313706343117e+31,-4.64613780253329e+32,1.54871260084443e+32
6.81948389677936e+24,2500,1000,5000,CO2,1.38890766909972e+32,0,7.67298997735556e+33,-2.55766332578519e+33,8.67750409442529e+33,-2.89250136480843e+33
6.81948389677936e+24,5000,2000,1500,CO2,5.58553724422165e+32,0,-1.50498404509731e+33,5.01661348365769e+32,-2.5331279689243e+33,8.44375989641433e+32
6.84720944188838e+24,1000,4000,4000,CO2,-6.40538813130859e+31,0,1.31741505776162e+33,-4.39138352587206e+32,2.07657524207233e+33,-6.92191747357443e+32
6.85513102620524e+24,3500,1500,5000,CO2,2.7988506485051e+32,0,5.8929782918762e+33,-1.96432609729207e+33,8.31460245777095e+33,-2.77153415259032e+33
6.85711142228446e+24,3500,1500,4500,CO2,2.80047792111299e+32,0,5.38447772117166e+33,-1.79482590705722e+33,7.5771244726047e+33,-2.5257081575349e+33
6.86305261052211e+24,2500,1000,1000,CO2,1.40671536019773e+32,0,-2.02603621585051e+32,6.75345405283503e+31,-1.97436451010719e+32,6.58121503369064e+31
6.86503300660132e+24,4000,4000,2000,CO2,-0.0,0,-1.93683695519859e+33,6.4561231839953e+32,-4.01357566210037e+33,1.33785855403346e+33
6.86899379875975e+24,1000,1000,5000,CO2,-0.0,0,5.49156012078971e+33,-1.83052004026324e+33,4.68129122586104e+33,-1.56043040862035e+33
6.8749349869974e+24,1000,1500,4000,CO2,-1.06682191350883e+31,0,4.31223626837335e+33,-1.43741208945778e+33,3.99623093186169e+33,-1.33207697728723e+33
6.88087617523505e+24,1000,1000,1500,CO2,-0.0,0,7.27031420897422e+32,-2.42343806965807e+32,5.14451515394693e+32,-1.71483838464898e+32
6.88483696739348e+24,4000,2000,4500,CO2,3.11855093139817e+32,0,3.44148156045553e+33,-1.14716052015184e+33,5.53705284666453e+33,-1.84568428222151e+33
6.8868173634727e+24,1000,1500,4500,CO2,-1.07051119002672e+31,0,4.88471104110722e+33,-1.62823701370241e+33,4.62162418684778e+33,-1.54054139561593e+33
6.90266053210642e+24,3000,2500,2000,CO2,5.59079801571062e+31,0,-1.08114415792277e+33,3.60381385974257e+32,-1.74548438125953e+33,5.81828127086511e+32
6.91652330466093e+24,5000,3000,1500,CO2,3.41903837730849e+32,0,-2.43656632886749e+33,8.12188776289162e+32,-4.74907646659497e+33,1.58302548886499e+33
6.92048409681936e+24,5000,4000,3000,CO2,1.54331506723646e+32,0,-8.06254800799755e+32,2.68751600266585e+32,-1.68847652988329e+33,5.62825509961098e+32
6.9244448889778e+24,4500,5000,4500,CO2,-6.6552351125243e+31,0,-1.5994363033597e+32,5.33145434453234e+31,-3.49188103316733e+32,1.16396034438911e+32
6.93236647329466e+24,3500,4000,1000,CO2,-5.99954843785893e+31,0,-3.42080274058632e+33,1.14026758019544e+33,-6.9968278654651e+33,2.33227595515503e+33
6.94424884976996e+24,4500,2500,2000,CO2,3.36009130543027e+32,0,-1.19486574715796e+33,3.98288582385985e+32,-2.12335582000087e+33,7.07785273333622e+32
6.94622924584917e+24,5000,3500,4500,CO2,2.45296899560232e+32,0,5.5392743929643e+32,-1.84642479765477e+32,1.10807228336864e+33,-3.69357427789547e+32
6.95217043408682e+24,3000,4000,1000,CO2,-1.04321420720677e+32,0,-3.51410243557629e+33,1.17136747852543e+33,-7.00607036807486e+33,2.33535678935829e+33
6.95415083016603e+24,3000,1000,5000,CO2,2.46080141829939e+32,0,8.2810529374865e+33,-2.76035097916217e+33,9.85546605651272e+33,-3.28515535217091e+33
6.97197439487898e+24,4000,3500,2000,CO2,7.04021778355801e+31,0,-1.8994366236129e+33,6.33145541204301e+32,-3.7499547004171e+33,1.24998490013903e+33
6.97791558311662e+24,1000,4500,2000,CO2,-7.7409863978975e+31,0,-1.2851988357601e+33,4.28399611920035e+32,-2.20726340322205e+33,7.35754467740683e+32
6.97791558311662e+24,3000,3500,2500,CO2,-5.40032533997105e+31,0,-1.12726540518657e+33,3.75755135062189e+32,-2.12176278864713e+33,7.07254262882378e+32
6.9878175635127e+24,4000,5000,1000,CO2,-1.26132333846333e+32,0,-3.08275967797021e+33,1.0275865593234e+33,-6.95949407095314e+33,2.31983135698438e+33
6.9878175635127e+24,5000,2500,3500,CO2,4.61121502971917e+32,0,1.03913493437708e+33,-3.46378311459028e+32,1.90442683649899e+33,-6.34808945499662e+32
6.99177835567114e+24,2000,3000,2000,CO2,-6.7331838980523e+31,0,-1.39763560185738e+33,4.65878533952461e+32,-2.22528300981075e+33,7.41761003270249e+32
6.99771954390878e+24,4500,1500,1000,CO2,5.67745100178347e+32,0,-1.70806735727228e+33,5.69355785757428e+32,-2.49096591944209e+33,8.30321973147364e+32
6.99771954390878e+24,4500,2000,1500,CO2,4.48863322026242e+32,0,-1.58463229677453e+33,5.28210765591509e+32,-2.59130081888775e+33,8.63766939629251e+32
7.00564112822565e+24,2000,4500,3000,CO2,-1.61814469865299e+32,0,-7.30837674429836e+32,2.43612558143279e+32,-1.46752500561871e+33,4.89175001872903e+32
7.00564112822565e+24,4500,3500,4000,CO2,1.55310634978483e+32,0,2.9582613709551e+32,-9.86087123651698e+31,5.9010963739327e+32,-1.96703212464423e+32
7.03138627725545e+24,3000,3500,1500,CO2,-5.4834438705903e+31,0,-2.82179017705811e+33,9.40596725686037e+32,-5.30288340638351e+33,1.76762780212784e+33
7.03336667333467e+24,1500,2000,1500,CO2,-2.24994524498095e+31,0,-9.44660564916122e+32,3.14886854972041e+32,-1.07231950314716e+33,3.57439834382386e+32
7.04920984196839e+24,5000,2000,2000,CO2,5.96819237322084e+32,0,-4.4165095589245e+32,1.47216985297483e+32,-7.26181845681451e+32,2.4206061522715e+32
7.05119023804761e+24,3500,3500,1000,CO2,-0.0,0,-3.59820213855004e+33,1.19940071285001e+33,-6.96857346794758e+33,2.32285782264919e+33
7.05515103020604e+24,1500,5000,1500,CO2,-1.51555971562315e+32,0,-2.63690692728301e+33,8.78968975761002e+32,-5.21444473645619e+33,1.7381482454854e+33
7.05911182236447e+24,1000,2500,3500,CO2,-3.41247321405463e+31,0,2.46885265369899e+33,-8.22950884566329e+32,2.89304440518956e+33,-9.64348135063188e+32
7.0630726145229e+24,1500,1000,1000,CO2,2.25747236010423e+31,0,-8.65069024673019e+31,2.88356341557673e+31,-6.86140189089206e+31,2.28713396363069e+31
7.06505301060212e+24,4500,1000,4000,CO2,7.11258033685244e+32,0,7.42321002015739e+33,-2.47440334005246e+33,9.81409720400511e+33,-3.27136573466837e+33
7.06703340668134e+24,4000,4000,4000,CO2,-0.0,0,-0.0,-0.0,-0.0,-0.0
7.06901380276055e+24,4500,3500,5000,CO2,1.58121386202822e+32,0,9.17084966365012e+32,-3.05694988788337e+32,1.79848348539667e+33,-5.99494495132225e+32
7.07891578315663e+24,4500,4000,2000,CO2,7.57923635011499e+31,0,-2.01206661662532e+33,6.70688872208442e+32,-4.22749557736357e+33,1.40916519245452e+33
7.08089617923585e+24,1000,4500,3000,CO2,-7.96972873073931e+31,0,7.80651971263956e+31,-2.60217323754652e+31,7.15911665931332e+31,-2.38637221977111e+31
7.08287657531506e+24,1500,4000,3500,CO2,-1.11037388860786e+32,0,3.44299810184427e+32,-1.14766603394809e+32,5.6708039396965e+32,-1.89026797989883e+32
7.09871974394879e+24,3000,5000,1000,CO2,-2.06260075478067e+32,0,-3.40103286173758e+33,1.13367762057919e+33,-7.46328090404058e+33,2.48776030134686e+33
7.10664132826565e+24,4000,1000,1500,CO2,5.44051307011973e+32,0,1.1124055880703e+33,-3.70801862690099e+32,1.37085567895245e+33,-4.56951892984148e+32
7.1125825165033e+24,4500,3500,1500,CO2,1.60094022741746e+32,0,-2.74811153420078e+33,9.16037178066928e+32,-5.54698502154201e+33,1.84899500718067e+33
7.11852370474095e+24,4500,1000,1500,CO2,7.22064987388593e+32,0,1.12025481812271e+33,-3.73418272707572e+32,1.44207393681142e+33,-4.80691312270473e+32
7.12644528905781e+24,4500,2500,1000,CO2,3.5387220071869e+32,0,-3.28195873873506e+33,1.09398624624502e+33,-5.86970470399902e+33,1.95656823466634e+33
7.12842568513703e+24,4000,2000,2500,CO2,3.34313915059564e+32,0,7.35629899795559e+32,-2.4520996659852e+32,1.19670783708398e+33,-3.98902612361326e+32
7.13238647729546e+24,3000,3500,2500,CO2,-5.64206698521349e+31,0,-1.17772662307981e+33,3.92575541026603e+32,-2.21674196028061e+33,7.38913986760205e+32
7.14228845769154e+24,2500,4500,3500,CO2,-1.7680312285024e+32,0,-4.11240703447445e+32,1.37080234482482e+32,-8.53728175903993e+32,2.84576058634664e+32
7.14822964592919e+24,3500,2500,3000,CO2,1.41506910887364e+32,0,6.49863087437101e+32,-2.166210291457e+32,1.1085809573487e+33,-3.69526985782899e+32
7.15219043808762e+24,3000,4500,2000,CO2,-1.61229137412864e+32,0,-2.19393080152658e+33,7.31310267175525e+32,-4.59371081660263e+33,1.53123693886754e+33
7.15417083416683e+24,3500,2500,1500,CO2,1.41742274286763e+32,0,-2.34286428911472e+33,7.80954763038239e+32,-3.9322744419885e+33,1.3107581473295e+33
7.15813162632527e+24,1000,4000,3500,CO2,-7.0009160137552e+31,0,9.43426708385578e+32,-3.14475569461859e+32,1.4512644411047e+33,-4.83754813701568e+32
7.15813162632527e+24,4000,2000,4000,CO2,3.37105682369384e+32,0,3.17078625644587e+33,-1.05692875214862e+33,5.10566755792601e+33,-1.70188918597534e+33
7.15813162632527e+24,4500,1000,3000,CO2,7.30122571734893e+32,0,5.59400481964476e+33,-1.86466827321492e+33,7.31787688473141e+33,-2.43929229491047e+33
7.16605321064213e+24,4000,1500,5000,CO2,4.415665047274e+32,0,6.32701033341839e+33,-2.1090034444728e+33,9.23682520882921e+33,-3.07894173627641e+33
7.16803360672134e+24,2500,5000,1000,CO2,-2.18090677014887e+32,0,-3.54494920519601e+33,1.18164973506534e+33,-7.60290578863479e+33,2.53430192954493e+33
7.16803360672134e+24,5000,5000,3000,CO2,-0.0,0,-1.04736848363117e+33,3.49122827877058e+32,-2.33448802686384e+33,7.78162675621279e+32
7.17001400280056e+24,4000,3500,3000,CO2,7.44578812255733e+31,0,-5.99259484719042e+32,1.99753161573014e+32,-1.17200460716224e+33,3.90668202387413e+32
7.17001400280056e+24,5000,2000,5000,CO2,6.17444265418986e+32,0,3.87624733711295e+33,-1.29208244570432e+33,6.53385936571945e+33,-2.17795312190648e+33
7.17793558711742e+24,2500,2500,3000,CO2,-0.0,0,9.08460477603308e+32,-3.02820159201103e+32,1.41393961202104e+33,-4.71313204007013e+32
7.19575915183037e+24,4000,3000,1000,CO2,1.56254729796476e+32,0,-3.62892781835985e+33,1.20964260611995e+33,-6.78315641605408e+33,2.26105213868469e+33
7.19773954790958e+24,1500,1500,2500,CO2,-0.0,0,2.40982528732188e+33,-8.03275095773959e+32,2.45477847994158e+33,-8.18259493313859e+32
7.1997199439888e+24,1000,4000,5000,CO2,-7.07982953200797e+31,0,2.22650675368344e+33,-7.42168917894482e+32,3.60520355986346e+33,-1.20173451995449e+33
7.1997199439888e+24,5000,1500,1500,CO2,7.71609229516058e+32,0,-5.16914488856535e+32,1.72304829618845e+32,-7.64469862952069e+32,2.5482328765069e+32
7.1997199439888e+24,5000,3500,1500,CO2,2.63541854302146e+32,0,-2.74150272843292e+33,9.13834242810974e+32,-5.62266710444722e+33,1.87422236814907e+33
7.20962192438488e+24,4000,3500,3000,CO2,7.52827799082473e+31,0,-6.05898518107959e+32,2.01966172702653e+32,-1.18498892850771e+33,3.94996309502571e+32
7.21160232046409e+24,3000,2500,3000,CO2,6.10244928872972e+31,0,7.71808466767802e+32,-2.572694889226e+32,1.2639156620993e+33,-4.21305220699767e+32
7.21754350870174e+24,1000,4000,4500,CO2,-7.11613095729982e+31,0,1.88481296722422e+33,-6.28270989074741e+32,3.01668581365754e+33,-1.00556193788585e+33
7.21754350870174e+24,3500,3500,3500,CO2,-0.0,0,-0.0,-0.0,-0.0,-0.0
7.22150430086017e+24,4000,2500,1500,CO2,2.46295497721583e+32,0,-2.39198620420451e+33,7.97328734734837e+32,-4.15179157512736e+33,1.38393052504245e+33
7.22942588517704e+24,2000,2000,4500,CO2,-0.0,0,4.41475901949037e+33,-1.47158633983012e+33,5.95556928518219e+33,-1.9851897617274e+33
7.23140628125625e+24,1500,1000,3500,CO2,2.36635888192837e+31,0,5.17392064262407e+33,-1.72464021420802e+33,4.77512508352354e+33,-1.59170836117451e+33
7.23536707341468e+24,2500,3500,1500,CO2,-9.4608610075747e+31,0,-2.96530856801963e+33,9.88436189339875e+32,-5.36285064493503e+33,1.78761688164501e+33
7.24526905381076e+24,2000,3500,1500,CO2,-1.06922542583136e+32,0,-2.86398718438526e+33,9.54662394795088e+32,-4.91279954264412e+33,1.63759984754804e+33
7.24922984596919e+24,3500,1500,3000,CO2,3.12992727329289e+32,0,3.54890929727238e+33,-1.18296976575746e+33,4.93720867567001e+33,-1.64573622522334e+33
7.25517103420684e+24,1500,4500,5000,CO2,-1.38502759708493e+32,0,1.20606006748051e+33,-4.02020022493502e+32,2.24536748769092e+33,-7.48455829230306e+32
7.26309261852371e+24,4000,3000,5000,CO2,1.59184486495371e+32,0,1.75208722263488e+33,-5.84029074211625e+32,3.22568492392736e+33,-1.07522830797579e+33
7.26705341068214e+24,2000,1000,2000,CO2,7.58308684701534e+31,0,2.39262077047409e+33,-7.97540256824695e+32,2.30244499137274e+33,-7.67481663790912e+32
7.27101420284057e+24,2000,4000,1500,CO2,-1.4152297636639e+32,0,-2.99907572081231e+33,9.99691906937435e+32,-5.53456555893333e+33,1.84485518631111e+33
7.27299459891978e+24,3000,5000,2500,CO2,-2.16466498329744e+32,0,-1.63187228947111e+33,5.43957429823704e+32,-3.55765787510565e+33,1.18588595836855e+33
7.28289657931586e+24,3000,1500,2000,CO2,1.97559964938996e+32,0,1.10487871881027e+33,-3.68292906270092e+32,1.44894101347852e+33,-4.82980337826174e+32
7.29675935187038e+24,1500,3000,5000,CO2,-7.18087553330683e+31,0,2.96299347501367e+33,-9.87664491671225e+32,4.51263857183827e+33,-1.50421285727942e+33
7.29675935187038e+24,1500,5000,2500,CO2,-1.620730775853e+32,0,-1.29462855426773e+33,4.31542851422576e+32,-2.61217833496599e+33,8.7072611165533e+32
7.29873974794959e+24,1500,5000,1000,CO2,-1.62213025929876e+32,0,-3.55730323964692e+33,1.18576774654897e+33,-6.98916661318109e+33,2.3297222043937e+33
7.30072014402881e+24,3000,2000,2000,CO2,1.28712984150807e+32,0,-2.73605426764098e+32,9.12018089213661e+31,-3.89274077082475e+32,1.29758025694158e+32
7.3126025205041e+24,1000,3500,3000,CO2,-6.10089532866802e+31,0,7.40401083328961e+32,-2.46800361109654e+32,1.01789438598897e+33,-3.39298128662991e+32
7.32250450090018e+24,3500,4000,2500,CO2,-6.69363976328136e+31,0,-1.50202582374731e+33,5.00675274582436e+32,-3.05129477380695e+33,1.01709825793565e+33
7.32844568913783e+24,5000,3000,1000,CO2,3.83841630682998e+32,0,-3.60037846395482e+33,1.20012615465161e+33,-7.04178583666715e+33,2.34726194555572e+33
7.33834766953391e+24,4500,2000,5000,CO2,4.93620564646832e+32,0,4.22135320003663e+33,-1.40711773334554e+33,6.95939701353925e+33,-2.31979900451309e+33
7.34626925385077e+24,3000,2500,3500,CO2,6.33248169149445e+31,0,1.57791820068303e+33,-5.25972733561009e+32,2.58321509607881e+33,-8.61071698692936e+32
7.3502300460092e+24,5000,5000,1500,CO2,-0.0,0,-2.62706646650593e+33,8.75688822168644e+32,-5.9947772196137e+33,1.99825907320457e+33
7.36607321464293e+24,5000,4000,1000,CO2,1.74850930054056e+32,0,-3.52328220488299e+33,1.17442740162766e+33,-7.57094115074301e+33,2.52364705024767e+33
7.36805361072215e+24,4000,4500,4500,CO2,-7.27301758930575e+31,0,4.70837430865156e+31,-1.56945810288385e+31,9.58701266341455e+31,-3.19567088780485e+31
7.37399479895979e+24,2000,1000,4500,CO2,7.80790640828645e+31,0,7.7359195835027e+33,-2.57863986116757e+33,8.10572514570875e+33,-2.70190838190292e+33
7.37597519503901e+24,3000,3000,4000,CO2,-0.0,0,1.26642019837946e+33,-4.22140066126488e+32,2.22929908487547e+33,-7.43099694958492e+32
7.37993598719744e+24,4500,3000,3500,CO2,2.70985837596286e+32,0,4.06778506991481e+32,-1.35592835663827e+32,7.80378620734624e+32,-2.60126206911541e+32
7.38587717543509e+24,1500,2000,2000,CO2,-2.48113041651543e+31,0,2.45154947565971e+32,-8.17183158553237e+31,2.73683275414126e+32,-9.12277584713752e+31
7.39379875975195e+24,2000,4000,2500,CO2,-1.46337807535468e+32,0,-1.2998857461343e+33,4.33295248711433e+32,-2.43397051100655e+33,8.11323503668851e+32
7.39775955191038e+24,1500,2500,2000,CO2,-4.95350040051525e+31,0,-6.23962824555638e+32,2.07987608185213e+32,-8.29612621442332e+32,2.76537540480777e+32
7.39775955191038e+24,4500,5000,1500,CO2,-7.600870718333e+31,0,-2.7628877071695e+33,9.20962569056499e+32,-6.26333447233835e+33,2.08777815744612e+33
7.3997399479896e+24,1500,3000,1000,CO2,-7.38557160438971e+31,0,-3.42218848872489e+33,1.14072949624163e+33,-4.86997016524628e+33,1.62332338841543e+33
7.40370074014803e+24,3000,2500,5000,CO2,6.43172396121692e+31,0,3.25436225506524e+33,-1.08478741835508e+33,5.33685077770351e+33,-1.7789502592345e+33
7.40568113622725e+24,2000,5000,3000,CO2,-2.13722601788661e+32,0,-9.6794791815472e+32,3.22649306051573e+32,-2.04128443268546e+33,6.80428144228487e+32
7.41756351270254e+24,4000,1500,5000,CO2,4.73106170429331e+32,0,6.77892819555757e+33,-2.25964273185252e+33,9.89658172594431e+33,-3.29886057531477e+33
7.41954390878176e+24,3500,1500,3000,CO2,3.27872449631506e+32,0,3.71762499002908e+33,-1.23920833000969e+33,5.17192433398234e+33,-1.72397477799412e+33
7.43142628525705e+24,2500,5000,1000,CO2,-2.34412832971502e+32,0,-3.81025726227328e+33,1.27008575409109e+33,-8.17191596231166e+33,2.72397198743722e+33
7.43142628525705e+24,2500,5000,2000,CO2,-2.34381950913903e+32,0,-2.35962170787533e+33,7.86540569291778e+32,-5.06114415759783e+33,1.68704805253261e+33
7.44330866173235e+24,1000,1500,4000,CO2,-1.25050892129878e+31,0,5.05472361981473e+33,-1.68490787327158e+33,4.68430800734748e+33,-1.56143600244916e+33
7.45321064212843e+24,2500,4500,4000,CO2,-1.92506479096879e+32,0,-8.7057504235984e+30,2.90191680786613e+30,-3.82025392733291e+31,1.27341797577764e+31
7.45519103820764e+24,3500,2500,2500,CO2,1.53921151754838e+32,0,-2.27424185438039e+32,7.58080618126797e+31,-3.72442116790423e+32,1.24147372263474e+32
7.45915183036607e+24,3000,3500,4500,CO2,-6.17038484518489e+31,0,1.05258785539342e+33,-3.50862618464473e+32,1.96175212593502e+33,-6.53917375311673e+32
7.46509301860372e+24,4500,3500,1500,CO2,1.76356279789982e+32,0,-3.02726309402191e+33,1.0090876980073e+33,-6.11044451064831e+33,2.03681483688277e+33
7.46707341468294e+24,2000,2000,1500,CO2,-0.0,0,-1.37199569924513e+33,4.57331899748377e+32,-1.73447375145778e+33,5.78157917152594e+32
7.46905381076215e+24,1000,1500,2500,CO2,-1.25917513625654e+31,0,2.49263929582143e+33,-8.3087976527381e+32,2.13998562821782e+33,-7.13328542739275e+32
7.47697539507902e+24,1500,3000,5000,CO2,-7.53996370500407e+31,0,3.11116146716986e+33,-1.03705382238995e+33,4.73829839935873e+33,-1.57943279978624e+33
7.48291658331666e+24,4500,5000,4500,CO2,-7.77204460092958e+31,0,-1.86783638382124e+32,6.22612127940413e+31,-4.07785069528863e+32,1.35928356509621e+32
7.4868773754751e+24,1000,1500,5000,CO2,-1.26518425028389e+31,0,6.34976927788677e+33,-2.11658975929559e+33,6.12172103772892e+33,-2.04057367924297e+33
7.4868773754751e+24,4000,3500,5000,CO2,8.11753553740293e+31,0,1.13278660810089e+33,-3.7759553603363e+32,2.19056822115809e+33,-7.30189407052697e+32
7.49281856371274e+24,4500,1500,2500,CO2,6.50924715612893e+32,0,2.44442824247612e+33,-8.14809414158708e+32,3.66513568930048e+33,-1.22171189643349e+33
7.49875975195039e+24,2000,5000,5000,CO2,-2.1886150313655e+32,0,5.92772794155399e+32,-1.97590931385133e+32,1.19185208384955e+33,-3.97284027949848e+32
7.50074014802961e+24,2500,4000,4000,CO2,-1.49330237037721e+32,0,3.20205256856942e+32,-1.06735085618981e+32,5.9956652635638e+32,-1.9985550878546e+32
7.51658331666333e+24,1000,3000,3000,CO2,-5.16159920704439e+31,0,1.30988484301229e+33,-4.36628281004097e+32,1.66411515301004e+33,-5.54705051003346e+32
7.51658331666333e+24,3500,1500,3500,CO2,3.36504927313209e+32,0,4.86192096525029e+33,-1.6206403217501e+33,6.79360907749725e+33,-2.26453635916575e+33
7.51658331666333e+24,4500,3500,3000,CO2,1.7879580994398e+32,0,-6.84400296166933e+32,2.28133432055644e+32,-1.35732739444881e+33,4.52442464816271e+32
7.52054410882177e+24,3500,1500,3000,CO2,3.36859680471004e+32,0,3.81952789159226e+33,-1.27317596386409e+33,5.31369067612594e+33,-1.77123022537531e+33
7.5245049009802e+24,1500,1000,1000,CO2,2.5620698042754e+31,0,-9.81791523076005e+31,3.27263841025335e+31,-7.78720081376369e+31,2.5957336045879e+31
7.5245049009802e+24,3000,1000,2000,CO2,2.88101428795954e+32,0,2.89679426688127e+33,-9.65598088960424e+32,3.23785669986562e+33,-1.07928556662187e+33
7.53440688137628e+24,2000,3500,3500,CO2,-1.156227070136e+32,0,4.8537410730097e+32,-1.61791369100323e+32,8.21709287795968e+32,-2.73903095931989e+32
7.54232846569314e+24,4500,1000,1500,CO2,8.1060130633236e+32,0,1.25761535991316e+33,-4.19205119971052e+32,1.61889447269113e+33,-5.39631490897045e+32
7.54430886177236e+24,5000,2500,3000,CO2,5.37491315016047e+32,0,4.92019882488548e+32,-1.64006627496183e+32,9.17382760211371e+32,-3.0579425340379e+32
7.55817163432687e+24,5000,2500,2500,CO2,5.39468511184728e+32,0,-3.8011273922584e+32,1.26704246408613e+32,-6.73544539165561e+32,2.2451484638852e+32
7.56807361472295e+24,1500,3500,2500,CO2,-1.02242367284061e+32,0,-7.13383756985426e+32,2.37794585661809e+32,-1.18307668282175e+33,3.94358894273916e+32
7.56807361472295e+24,2000,5000,5000,CO2,-2.22926241397828e+32,0,6.03781885394001e+32,-2.01260628464667e+32,1.21398739178437e+33,-4.04662463928125e+32
7.56807361472295e+24,5000,1500,3500,CO2,8.52583399231453e+32,0,4.65249468301312e+33,-1.55083156100437e+33,7.19501211192705e+33,-2.39833737064235e+33
7.57005401080216e+24,1000,2000,1000,CO2,-2.60818020725612e+31,0,-1.6742146559419e+33,5.58071551980632e+32,-1.56124033993205e+33,5.20413446644017e+32
7.57401480296059e+24,5000,1500,2000,CO2,8.53922596389987e+32,0,1.00651862991551e+33,-3.35506209971835e+32,1.5718655720115e+33,-5.23955190670499e+32
7.57995599119824e+24,1000,2000,3000,CO2,-2.61500777308999e+31,0,2.81736457169841e+33,-9.3912152389947e+32,2.85254988209641e+33,-9.50849960698802e+32
7.58193638727746e+24,1000,3500,1000,CO2,-6.55875473163623e+31,0,-3.15689848669431e+33,1.05229949556477e+33,-4.32457619815963e+33,1.44152539938654e+33
7.58193638727746e+24,2000,5000,3000,CO2,-2.24016861028522e+32,0,-1.01457053418492e+33,3.3819017806164e+32,-2.13960585941568e+33,7.1320195313856e+32
7.58985797159432e+24,1500,3000,2000,CO2,-7.76994844378268e+31,0,-1.30527402927025e+33,4.35091343090085e+32,-1.91971137845829e+33,6.39903792819429e+32
7.59183836767354e+24,2000,1500,1500,CO2,4.11995522487296e+31,0,-1.77393817803759e+32,5.9131272601253e+31,-1.8917119281072e+32,6.305706427024e+31
7.59777955591118e+24,1500,3500,2000,CO2,-1.03047252685899e+32,0,-1.73240139407794e+33,5.77467131359314e+32,-2.79177140886065e+33,9.30590469620216e+32
7.60570114022805e+24,3000,2500,2000,CO2,6.78764755067452e+31,0,-1.3125899871233e+33,4.37529995707766e+32,-2.11914877838616e+33,7.06382926128719e+32
7.60768153630726e+24,5000,4500,1000,CO2,8.88530759185395e+31,0,-3.58264759387117e+33,1.19421586462372e+33,-7.97769781012224e+33,2.65923260337408e+33
7.61758351670334e+24,3000,3000,4000,CO2,-0.0,0,1.35074504241352e+33,-4.50248347471173e+32,2.37773741354232e+33,-7.92579137847441e+32
7.62550510102021e+24,1000,1500,2500,CO2,-1.31247849047498e+31,0,2.59815760816595e+33,-8.66052536055315e+32,2.23057541885043e+33,-7.43525139616809e+32
7.62550510102021e+24,3000,2500,2000,CO2,6.82304134540035e+31,0,-1.31943441153052e+33,4.39811470510172e+32,-2.13019895686047e+33,7.10066318953491e+32
7.62946589317864e+24,2000,4500,2000,CO2,-1.91942299974702e+32,0,-2.39883552902727e+33,7.99611843009091e+32,-4.73907782073126e+33,1.57969260691042e+33
7.63144628925785e+24,1000,2000,3000,CO2,-2.65065569957126e+31,0,2.85577103693203e+33,-9.51923678977345e+32,2.89143599537207e+33,-9.63811998457357e+32
7.63144628925785e+24,5000,5000,1000,CO2,-0.0,0,-3.40352262004192e+33,1.13450754001397e+33,-7.81187578588393e+33,2.60395859529464e+33
7.63342668533707e+24,2500,2500,2500,CO2,-0.0,0,-0.0,-0.0,-0.0,-0.0
7.64728945789158e+24,4000,1000,1500,CO2,6.29979070906227e+32,0,1.28809954100156e+33,-4.29366513667187e+32,1.58736938197261e+33,-5.29123127324204e+32
7.64926985397079e+24,1000,3500,4500,CO2,-6.67486060508591e+31,0,2.67639055107122e+33,-8.92130183690408e+32,3.95604419820995e+33,-1.31868139940332e+33
7.64926985397079e+24,1500,1500,1000,CO2,-0.0,0,-1.243717639247e+33,4.14572546415667e+32,-1.18979028690912e+33,3.96596762303042e+32
7.64926985397079e+24,5000,1000,1000,CO2,1.057860305734e+33,0,-4.19681415586331e+32,1.39893805195444e+32,-5.3192396962971e+32,1.7730798987657e+32
7.65125025005001e+24,3000,4500,3500,CO2,-1.84479230622174e+32,0,-5.78915387181535e+32,1.92971795727178e+32,-1.21185045427751e+33,4.03950151425837e+32
7.65323064612923e+24,4000,4000,4500,CO2,-0.0,0,3.66572944644322e+32,-1.22190981548107e+32,7.41486209094979e+32,-2.47162069698326e+32
7.65521104220844e+24,4500,1500,2000,CO2,6.79445560566726e+32,0,1.0712248608737e+33,-3.57074953624567e+32,1.61604641425321e+33,-5.38682138084404e+32
7.66115223044609e+24,1000,2000,1000,CO2,-2.67133173000015e+31,0,-1.71475219419518e+33,5.71584064731728e+32,-1.59904244599889e+33,5.33014148666296e+32
7.66115223044609e+24,4000,2000,3000,CO2,3.86149406109728e+32,0,1.95350507944273e+33,-6.51168359814243e+32,3.15311692673591e+33,-1.05103897557864e+33
7.66313262652531e+24,2000,5000,5000,CO2,-2.28561555037379e+32,0,6.19044782542135e+32,-2.06348260847378e+32,1.2446755676773e+33,-4.14891855892434e+32
7.67699539907982e+24,4000,2500,5000,CO2,2.7833890784316e+32,0,3.10131453046222e+33,-1.03377151015407e+33,5.37519914737358e+33,-1.79173304912453e+33
7.68095619123825e+24,4000,3500,2000,CO2,8.54486298262058e+31,0,-2.30538687749815e+33,7.68462292499382e+32,-4.55140026789117e+33,1.51713342263039e+33
7.68095619123825e+24,4500,2000,3500,CO2,5.40793585445842e+32,0,2.76500070057184e+33,-9.21666900190612e+32,4.58702028798566e+33,-1.52900676266189e+33
7.69877975595119e+24,2500,1000,3500,CO2,1.7701715315183e+32,0,7.06260199343167e+33,-2.35420066447722e+33,7.73128704237039e+33,-2.57709568079013e+33
7.70076015203041e+24,1500,1000,2000,CO2,2.68350428656141e+31,0,2.39274298995353e+33,-7.97580996651175e+32,2.05918824104671e+33,-6.86396080348902e+32
7.70076015203041e+24,3500,3000,4500,CO2,7.9245012452831e+31,0,1.7205432683854e+33,-5.73514422795132e+32,3.11072788165521e+33,-1.03690929388507e+33
7.70868173634727e+24,2500,5000,3500,CO2,-2.52085909470934e+32,0,-6.70989082074417e+32,2.23663027358139e+32,-1.44844721384974e+33,4.82815737949913e+32
7.71462292458492e+24,1500,1500,3000,CO2,-0.0,0,3.95258188561347e+33,-1.31752729520449e+33,4.10847839452497e+33,-1.36949279817499e+33
7.72056411282257e+24,3000,1500,2500,CO2,2.22018274069978e+32,0,2.76106588874563e+33,-9.20355296248543e+32,3.6347978763126e+33,-1.2115992921042e+33
7.72650530106021e+24,3000,4000,1000,CO2,-1.28854291088543e+32,0,-4.34050049376824e+33,1.44683349792275e+33,-8.65366119784639e+33,2.88455373261546e+33
7.73046609321864e+24,4500,1500,1000,CO2,6.92869889915985e+32,0,-2.08450665876389e+33,6.94835552921296e+32,-3.03994747263543e+33,1.01331582421181e+33
7.74036807361472e+24,5000,5000,3500,CO2,-0.0,0,-8.22798536044021e+32,2.7426617868134e+32,-1.81934834276823e+33,6.06449447589409e+32
7.74432886577316e+24,3500,3000,5000,CO2,8.01420021842513e+31,0,2.15713620754483e+33,-7.19045402514942e+32,3.89026824313015e+33,-1.29675608104338e+33
7.74630926185237e+24,1000,3000,3000,CO2,-5.48192375524712e+31,0,1.39117520549586e+33,-4.63725068498619e+32,1.76738875352861e+33,-5.89129584509535e+32
7.75423084616923e+24,3500,2500,2000,CO2,1.6651686572027e+32,0,-1.43612948931458e+33,4.78709829771526e+32,-2.40893302674905e+33,8.02977675583016e+32
7.75819163832767e+24,1500,2000,3000,CO2,-2.7375774534319e+31,0,2.72986273384591e+33,-9.09954244615305e+32,3.23754140461416e+33,-1.07918046820472e+33
7.75819163832767e+24,5000,1500,3500,CO2,8.95957032701327e+32,0,4.88918190831385e+33,-1.62972730277128e+33,7.56104529816471e+33,-2.52034843272157e+33
7.76809361872375e+24,4500,1500,2000,CO2,6.9963130080675e+32,0,1.10305002544202e+33,-3.67683341814008e+32,1.66405775618726e+33,-5.54685918729086e+32
7.77799559911983e+24,1500,2000,2000,CO2,-2.75157158926395e+31,0,2.7187663502082e+32,-9.06255450069399e+31,3.03514527117775e+32,-1.01171509039258e+32
7.77799559911983e+24,2000,4000,2500,CO2,-1.61940948330284e+32,0,-1.43848492741008e+33,4.7949497580336e+32,-2.69349048888009e+33,8.9783016296003e+32
7.78195639127826e+24,4500,3000,4500,CO2,3.01308098809894e+32,0,1.48425541467521e+33,-4.94751804891738e+32,2.79433917940826e+33,-9.31446393136088e+32
7.78591718343669e+24,2000,4000,4500,CO2,-1.62230339875612e+32,0,1.05316543282648e+33,-3.51055144275493e+32,1.93507177291623e+33,-6.45023924305409e+32
7.78591718343669e+24,2000,5000,2500,CO2,-2.36271816683409e+32,0,-1.7371598635308e+33,5.79053287843599e+32,-3.63843673805337e+33,1.21281224601779e+33
7.79383876775355e+24,3500,2500,1500,CO2,1.68222320108566e+32,0,-2.78055413176892e+33,9.26851377256307e+32,-4.66689513247563e+33,1.55563171082521e+33
7.79779955991198e+24,4500,4500,4500,CO2,-0.0,0,-0.0,-0.0,-0.0,-0.0
7.7997799559912e+24,2000,2000,2000,CO2,-0.0,0,-0.0,-0.0,-0.0,-0.0
7.80770154030806e+24,4500,1000,1500,CO2,8.68645996930857e+32,0,1.34766936536296e+33,-4.49223121787655e+32,1.73481857501481e+33,-5.78272858338268e+32
7.81166233246649e+24,3000,2500,4500,CO2,7.16016449001091e+31,0,3.11836433624769e+33,-1.03945477874923e+33,5.11212693428588e+33,-1.70404231142863e+33
7.81364272854571e+24,4000,5000,2000,CO2,-1.5769349718319e+32,0,-2.47866380178286e+33,8.26221267260952e+32,-5.54189567685727e+33,1.84729855895242e+33
7.81562312462492e+24,4000,5000,3500,CO2,-1.57727531784678e+32,0,-8.43053390023086e+32,2.81017796674362e+32,-1.85291978136236e+33,6.17639927120786e+32
7.825525105021e+24,2500,5000,5000,CO2,-2.59552772967012e+32,0,4.11740337025742e+32,-1.37246779008581e+32,8.41821156318256e+32,-2.80607052106085e+32
7.825525105021e+24,4000,3500,2000,CO2,8.86954834096247e+31,0,-2.39298633531972e+33,7.97662111773239e+32,-4.72434312606728e+33,1.57478104202243e+33
7.83146629325865e+24,4000,5000,5000,CO2,-1.58268829486543e+32,0,8.82964492174625e+31,-2.94321497391541e+31,1.84341013631355e+32,-6.14470045437849e+31
7.83344668933787e+24,1500,1000,1500,CO2,2.77677623374478e+31,0,1.09374883643956e+33,-3.64582945479854e+32,9.18784352752151e+32,-3.06261450917384e+32
7.83344668933787e+24,2000,3500,2000,CO2,-1.24986909143067e+32,0,-2.1819439683637e+33,7.27314656121235e+32,-3.77357452342348e+33,1.25785817447449e+33
7.83542708541708e+24,2500,4000,3500,CO2,-1.62964068664876e+32,0,-1.88883027244172e+32,6.29610090813906e+31,-3.83598615839176e+32,1.27866205279725e+32
7.8374074814963e+24,1000,3000,1500,CO2,-5.61164327212583e+31,0,-1.94160303577925e+33,6.47201011926415e+32,-2.43220687320437e+33,8.10735624401457e+32
7.84334866973395e+24,3500,3000,3500,CO2,8.22086489889851e+31,0,6.45850586803894e+32,-2.15283528934631e+32,1.17576046367757e+33,-3.91920154559189e+32
7.85919183836767e+24,3500,2000,5000,CO2,2.66065640603293e+32,0,5.23399191770168e+33,-1.74466397256723e+33,8.16779265329623e+33,-2.72259755109874e+33
7.86117223444689e+24,1000,4500,4500,CO2,-9.81746074248443e+31,0,1.7696744774772e+33,-5.89891492492402e+32,3.0350774565308e+33,-1.01169248551027e+33
7.86117223444689e+24,3500,5000,5000,CO2,-2.16756536724513e+32,0,1.60722165933535e+32,-5.35740553111784e+31,3.34111328328027e+32,-1.11370442776009e+32
7.86315263052611e+24,2000,4000,4500,CO2,-1.65464918491561e+32,0,1.07416364062589e+33,-3.58054546875297e+32,1.9736535929494e+33,-6.57884530983135e+32
7.86711342268454e+24,2500,3000,4500,CO2,-5.71168773831643e+31,0,2.21494629043629e+33,-7.38315430145429e+32,3.76286606639337e+33,-1.25428868879779e+33
7.86711342268454e+24,2500,3500,3000,CO2,-1.1184929559427e+32,0,-4.52807381515685e+32,1.50935793838562e+32,-8.36859730493323e+32,2.78953243497775e+32
7.86909381876375e+24,5000,1000,2500,CO2,1.11953532843806e+33,0,5.19592137463085e+33,-1.73197379154362e+33,6.99723258240203e+33,-2.33241086080068e+33
7.87107421484297e+24,2000,2500,1000,CO2,-4.32596160519795e+31,0,-3.75493655832107e+33,1.25164551944036e+33,-5.30014487582932e+33,1.76671495860977e+33
7.87305461092219e+24,3000,2000,3000,CO2,1.49684719460616e+32,0,2.30374650842212e+33,-7.67915502807374e+32,3.43317694407199e+33,-1.14439231469066e+33
7.8750350070014e+24,4000,4000,3500,CO2,-0.0,0,-4.70344078011929e+32,1.5678135933731e+32,-9.60885253963348e+32,3.20295084654449e+32
7.89681936387277e+24,1000,3000,1500,CO2,-5.6970444618706e+31,0,-1.97115145880379e+33,6.57050486267929e+32,-2.46922158540263e+33,8.23073861800877e+32
7.90078015603121e+24,1500,1000,5000,CO2,2.82470962350066e+31,0,8.71720911986928e+33,-2.90573637328976e+33,8.47630084602212e+33,-2.82543361534071e+33
7.90078015603121e+24,2500,4500,1000,CO2,-2.16408913408968e+32,0,-4.4737810884048e+33,1.4912603628016e+33,-9.12805627601687e+33,3.04268542533896e+33
7.91068213642729e+24,1000,1500,2000,CO2,-1.41248170536715e+31,0,1.5637438935588e+33,-5.21247964519598e+32,1.30117064475847e+33,-4.33723548252823e+32
7.91662332466493e+24,2500,4500,2000,CO2,-2.17265088399102e+32,0,-2.67877242477655e+33,8.92924141592184e+32,-5.47693599099749e+33,1.8256453303325e+33
7.91860372074415e+24,2000,2500,3500,CO2,-4.37835764674938e+31,0,2.28455447633845e+33,-7.61518158779485e+32,3.35910853103832e+33,-1.11970284367944e+33
7.92058411682336e+24,2500,3000,4000,CO2,-5.78969645631998e+31,0,1.67546049994302e+33,-5.5848683331434e+32,2.84030515885447e+33,-9.46768386284823e+32
7.92850570114023e+24,2500,3000,1000,CO2,-5.80137607171711e+31,0,-4.45842398337899e+33,1.486141327793e+33,-7.43474139834554e+33,2.47824713278185e+33
7.93642728545709e+24,2500,1500,1000,CO2,1.2359671698869e+32,0,-1.86665039374024e+33,6.22216797913414e+32,-2.20355023567691e+33,7.34516745225636e+32
7.94038807761552e+24,1500,1500,5000,CO2,-0.0,0,7.70767921569903e+33,-2.56922640523301e+33,8.52942188038492e+33,-2.84314062679497e+33
7.94632926585317e+24,3000,1000,2000,CO2,3.213088343013e+32,0,3.2306871680304e+33,-1.0768957226768e+33,3.61106144532626e+33,-1.20368714844209e+33
7.94632926585317e+24,5000,2000,4500,CO2,7.58391614433955e+32,0,4.23875563377608e+33,-1.41291854459203e+33,7.1658723668437e+33,-2.38862412228124e+33
7.9502900580116e+24,2500,2000,2000,CO2,6.08293212932913e+31,0,-1.91856493275491e+32,6.39521644251635e+31,-2.57557521487384e+32,8.58525071624615e+31
7.95821164232847e+24,4500,4500,5000,CO2,-0.0,0,2.7851698131226e+32,-9.28389937707534e+31,5.84321999415823e+32,-1.94773999805274e+32
7.96415283056611e+24,4000,2500,2000,CO2,2.99557562725719e+32,0,-1.55510810279896e+33,5.18369367599652e+32,-2.69154163811203e+33,8.97180546037344e+32
7.97999599919984e+24,4500,3500,4500,CO2,2.015108597169e+32,0,8.13352668661614e+32,-2.71117556220538e+32,1.60541390621482e+33,-5.35137968738275e+32
7.98395679135827e+24,3000,2000,4000,CO2,1.53931240400808e+32,0,4.28025638557174e+33,-1.42675212852391e+33,6.41688819617501e+33,-2.13896273205834e+33
7.99385877175435e+24,1000,4000,1500,CO2,-8.73236985359096e+31,0,-2.63254930216557e+33,8.77516434055191e+32,-4.05373265811989e+33,1.3512442193733e+33
7.99385877175435e+24,2500,1000,1500,CO2,1.90846638989776e+32,0,1.31642500084895e+33,-4.38808333616316e+32,1.35808166246495e+33,-4.52693887488316e+32
7.99385877175435e+24,5000,4500,1500,CO2,9.8101637190889e+31,0,-3.25277193539978e+33,1.08425731179993e+33,-7.20474328553587e+33,2.40158109517862e+33
8.00574114822965e+24,2500,3500,3000,CO2,-1.1582585582865e+32,0,-4.68905970403548e+32,1.56301990134516e+32,-8.66612471521804e+32,2.88870823840601e+32
8.00574114822965e+24,4000,2500,2000,CO2,3.02694273697274e+32,0,-1.57139186677279e+33,5.23797288924264e+32,-2.71972516354148e+33,9.06575054513825e+32
8.00970194038808e+24,2500,1000,2000,CO2,1.91603873223978e+32,0,3.12930936301165e+33,-1.04310312100388e+33,3.27333743700411e+33,-1.09111247900137e+33
8.00970194038808e+24,4500,5000,2000,CO2,-8.90997006881108e+31,0,-2.5224624605935e+33,8.40820820197832e+32,-5.68106688276105e+33,1.89368896092035e+33
8.01168233646729e+24,2500,3500,4000,CO2,-1.15993226162372e+32,0,9.1452077915942e+32,-3.04840259719807e+32,1.6485914682486e+33,-5.49530489416199e+32
8.01564312862573e+24,3000,3500,4000,CO2,-7.12568580696671e+31,0,7.177952382224e+32,-2.39265079407467e+32,1.33745289313817e+33,-4.45817631046057e+32
8.01762352470494e+24,2000,1000,3500,CO2,9.23040234597496e+31,0,7.13365841527944e+33,-2.37788613842648e+33,7.26151603031502e+33,-2.42050534343834e+33
8.02356471294259e+24,4500,1500,2500,CO2,7.46405874116965e+32,0,2.80299020037003e+33,-9.34330066790011e+32,4.20275761898789e+33,-1.4009192063293e+33
8.02752550510102e+24,1000,3500,3500,CO2,-7.3519785919082e+31,0,1.7023926217043e+33,-5.67464207234768e+32,2.43032792146564e+33,-8.10109307155212e+32
8.02950590118024e+24,5000,2500,2500,CO2,6.08849906255407e+32,0,-4.28999285122113e+32,1.42999761707371e+32,-7.60169539143627e+32,2.53389846381209e+32
8.03148629725945e+24,5000,1000,2500,CO2,1.16621923983399e+33,0,5.41258799238906e+33,-1.80419599746302e+33,7.28901273225164e+33,-2.42967091075055e+33
8.03544708941788e+24,1000,2500,4000,CO2,-4.42168378365206e+31,0,3.99084619220631e+33,-1.33028206406877e+33,4.76698049406389e+33,-1.5889934980213e+33
8.0374274854971e+24,2000,1000,4000,CO2,9.27605625858053e+31,0,8.24936798571172e+33,-2.74978932857057e+33,8.52667574308967e+33,-2.84222524769656e+33
8.0374274854971e+24,4500,1500,1500,CO2,7.48987318875063e+32,0,-6.16052538706923e+32,2.05350846235641e+32,-8.80444373482359e+32,2.93481457827453e+32
8.05723144628926e+24,5000,2500,1000,CO2,6.13061866268747e+32,0,-4.12362033468515e+33,1.37454011156172e+33,-7.56332623569857e+33,2.52110874523286e+33
8.06119223844769e+24,2500,1000,3000,CO2,1.94075238512298e+32,0,6.41940411260308e+33,-2.13980137086769e+33,6.93084307709082e+33,-2.31028102569694e+33
8.06515303060612e+24,2000,1000,3500,CO2,9.34016475756566e+31,0,7.21848760492651e+33,-2.4061625349755e+33,7.34786562607664e+33,-2.44928854202555e+33
8.07109421884377e+24,1000,2500,3000,CO2,-4.46102320866429e+31,0,2.28488353830491e+33,-7.61627846101636e+32,2.61657688926157e+33,-8.72192296420523e+32
8.07307461492298e+24,5000,2000,2500,CO2,7.82780263843409e+32,0,7.98853582104307e+32,-2.66284527368103e+32,1.38562030975617e+33,-4.6187343658539e+32
8.0750550110022e+24,4000,3000,4500,CO2,1.96770413707085e+32,0,1.73198344983766e+33,-5.77327816612553e+32,3.20119241330208e+33,-1.06706413776736e+33
8.07703540708142e+24,2000,2500,2500,CO2,-4.55531659270722e+31,0,2.34922878485269e+32,-7.83076261617563e+31,3.30971483230931e+32,-1.10323827743644e+32
8.07901580316063e+24,3500,1000,4000,CO2,5.02636400404776e+32,0,9.54103705751212e+33,-3.18034568583737e+33,1.17021722843393e+34,-3.90072409477978e+33
8.07901580316063e+24,5000,1000,1500,CO2,1.18006321252978e+33,0,1.44036690582893e+33,-4.80122301942975e+32,1.9278019499063e+33,-6.42600649968767e+32
8.08495699139828e+24,1500,1000,3500,CO2,2.9579478578848e+31,0,6.46739917541345e+33,-2.15579972513782e+33,5.96890485201053e+33,-1.98963495067018e+33
8.08891778355671e+24,4500,5000,3500,CO2,-9.08478163283111e+31,0,-9.06054820673956e+32,3.02018273557985e+32,-1.99817271922769e+33,6.66057573075897e+32
8.09089817963593e+24,1500,3500,2500,CO2,-1.16856714703304e+32,0,-8.1535359928049e+32,2.71784533093497e+32,-1.35218362083234e+33,4.50727873610781e+32
8.09485897179436e+24,1500,4000,1500,CO2,-1.45052573270373e+32,0,-3.42415585030703e+33,1.14138528343568e+33,-5.90391048073705e+33,1.96797016024568e+33
8.09881976395279e+24,4000,1500,4500,CO2,5.64002494500459e+32,0,7.38613794136949e+33,-2.4620459804565e+33,1.07694036639142e+34,-3.58980122130475e+33
8.10080016003201e+24,1500,2500,2000,CO2,-5.93974248676109e+31,0,-7.48193842638444e+32,2.49397947546148e+32,-9.94788520582678e+32,3.31596173527559e+32
8.10476095219044e+24,2000,4500,2500,CO2,-2.16589378720888e+32,0,-1.77174872992988e+33,5.90582909976625e+32,-3.52121738428804e+33,1.17373912809601e+33
8.10476095219044e+24,2000,4500,4000,CO2,-2.16516250779506e+32,0,2.27784146484284e+32,-7.59280488280946e+31,4.1164446320842e+32,-1.37214821069473e+32
8.11070214042809e+24,3000,3500,2500,CO2,-7.29600977584777e+31,0,-1.52297109867464e+33,5.07657032891545e+32,-2.86656841457676e+33,9.5552280485892e+32
8.11070214042809e+24,4500,1000,1500,CO2,9.37374900900177e+32,0,1.45429949860676e+33,-4.84766499535586e+32,1.87208068140528e+33,-6.24026893801761e+32
8.11466293258652e+24,3000,2500,3500,CO2,7.7264718819657e+31,0,1.92527056588175e+33,-6.41756855293916e+32,3.15186679998311e+33,-1.05062226666104e+33
8.11664332866573e+24,2500,1500,4500,CO2,1.29273336311923e+32,0,7.65161238322303e+33,-2.55053746107434e+33,9.80319654887362e+33,-3.26773218295787e+33
8.12060412082417e+24,1500,5000,2500,CO2,-2.00737037501927e+32,0,-1.60347359673188e+33,5.34491198910626e+32,-3.23533648030972e+33,1.07844549343657e+33
8.12060412082417e+24,2000,3000,3000,CO2,-9.08281718735035e+31,0,4.30928543225158e+32,-1.43642847741719e+32,6.71719267236617e+32,-2.23906422412206e+32
8.13248649729946e+24,4500,3500,1500,CO2,2.09299014486131e+32,0,-3.59274522531072e+33,1.19758174177024e+33,-7.25185411981867e+33,2.41728470660622e+33
8.13446689337868e+24,3500,2000,1000,CO2,2.85033563118772e+32,0,-3.57350433223836e+33,1.19116811074612e+33,-5.42790222491989e+33,1.80930074163996e+33
8.13644728945789e+24,2500,4000,3000,CO2,-1.75733388107843e+32,0,-9.05475500404948e+32,3.01825166801649e+32,-1.7678027452291e+33,5.89267581743034e+32
8.14040808161632e+24,3500,1500,3500,CO2,3.94677919267003e+32,0,5.7024212558396e+33,-1.90080708527987e+33,7.96804824353843e+33,-2.65601608117948e+33
8.14040808161632e+24,4000,1000,1500,CO2,7.13844170323836e+32,0,1.4595760249909e+33,-4.86525341663634e+32,1.79868575291189e+33,-5.99561917637296e+32
8.1503100620124e+24,1500,4000,4500,CO2,-1.46999422287876e+32,0,1.61457473839851e+33,-5.38191579466172e+32,2.81869772954388e+33,-9.39565909847959e+32
8.1503100620124e+24,1500,5000,5000,CO2,-2.0189436204705e+32,0,1.12048853451086e+33,-3.73496178170287e+32,2.18759829485245e+33,-7.29199431617484e+32
8.15427085417083e+24,2500,2000,2500,CO2,6.39907628568716e+31,0,1.31883745123975e+33,-4.39612483746582e+32,1.85005437476203e+33,-6.16684791587345e+32
8.17209441888378e+24,1000,4500,3500,CO2,-1.06138764101363e+32,0,8.21036144200034e+32,-2.73678714733345e+32,1.33670223176135e+33,-4.45567410587118e+32
8.17209441888378e+24,4000,1000,4500,CO2,7.19411633637474e+32,0,1.09138541678702e+34,-3.63795138929006e+33,1.40029641160833e+34,-4.66765470536109e+33
8.17407481496299e+24,4000,5000,5000,CO2,-1.72419523706307e+32,0,9.61909667773684e+31,-3.20636555924561e+31,2.00822801766905e+32,-6.69409339223017e+31
8.17407481496299e+24,4500,3000,2000,CO2,3.3244547877941e+32,0,-2.26556671282601e+33,7.55188904275336e+32,-4.31182569233012e+33,1.43727523077671e+33
8.18001600320064e+24,4500,1500,4500,CO2,7.75796673911762e+32,0,7.3817505401377e+33,-2.46058351337923e+33,1.10993050982895e+34,-3.69976836609649e+33
8.1879375875175e+24,3000,1500,2500,CO2,2.49712166067558e+32,0,3.10547294641433e+33,-1.03515764880478e+33,4.08819163518809e+33,-1.3627305450627e+33
8.1879375875175e+24,4500,4500,4500,CO2,-0.0,0,-0.0,-0.0,-0.0,-0.0
8.1879375875175e+24,5000,1000,2000,CO2,1.21209707643461e+33,0,3.64479180620257e+33,-1.21493060206752e+33,4.882291014231e+33,-1.627430338077e+33
8.18991798359672e+24,2000,3000,1500,CO2,-9.23856428029972e+31,0,-3.31566502517076e+33,1.10522167505692e+33,-5.22388197840636e+33,1.74129399280212e+33
8.20180036007202e+24,3500,1000,2500,CO2,5.18030693004325e+32,0,5.48116049480664e+33,-1.82705349826888e+33,6.54319915565939e+33,-2.1810663852198e+33
8.20576115223045e+24,1500,3000,1000,CO2,-9.08215567061124e+31,0,-4.2083199857273e+33,1.40277332857577e+33,-5.98868029736662e+33,1.99622676578887e+33
8.20972194438888e+24,3000,2500,4500,CO2,7.90847910543706e+31,0,3.44426712972307e+33,-1.14808904324102e+33,5.64639947874721e+33,-1.8821331595824e+33
8.21566313262653e+24,4000,2500,4000,CO2,3.18775484988779e+32,0,2.41361477061569e+33,-8.04538256871897e+32,4.2059821296321e+33,-1.4019940432107e+33
8.21764352870574e+24,1500,1500,4000,CO2,-0.0,0,6.64838649546162e+33,-2.21612883182054e+33,7.15462431283168e+33,-2.38487477094389e+33
8.22160432086417e+24,1000,2000,2000,CO2,-3.07647068963219e+31,0,7.65319877915599e+32,-2.55106625971866e+32,7.223437219365e+32,-2.407812406455e+32
8.22160432086417e+24,3000,1500,4500,CO2,2.5176943422875e+32,0,7.82816721299268e+33,-2.60938907099756e+33,1.05620077514649e+34,-3.52066925048829e+33
8.22160432086417e+24,5000,4000,2000,CO2,2.17823610854104e+32,0,-2.64121962591887e+33,8.80406541972958e+32,-5.61338682637134e+33,1.87112894212378e+33
8.22754550910182e+24,5000,2500,1500,CO2,6.39253639298908e+32,0,-3.04362295827529e+33,1.01454098609176e+33,-5.5664582603427e+33,1.8554860867809e+33
8.24140828165633e+24,2500,3000,3500,CO2,-6.26827530342643e+31,0,1.07154899505531e+33,-3.57182998351771e+32,1.80943784552671e+33,-6.03145948508902e+32
8.24536907381476e+24,2500,3500,3500,CO2,-1.22861642526702e+32,0,3.04565833810009e+32,-1.01521944603336e+32,5.37861646676947e+32,-1.79287215558982e+32
8.25725145029006e+24,1500,2500,1500,CO2,-6.17138746343611e+31,0,-2.30376852733637e+33,7.67922842445456e+32,-2.97365857090524e+33,9.91219523635079e+32
8.26913382676535e+24,1500,3000,2000,CO2,-9.22297178699896e+31,0,-1.54936749366657e+33,5.16455831222189e+32,-2.2787080262893e+33,7.59569342096434e+32
8.275075015003e+24,4500,5000,4500,CO2,-9.50467683641563e+31,0,-2.28423563207508e+32,7.61411877358359e+31,-4.98693137211738e+32,1.66231045737246e+32
8.29091818363673e+24,3000,2500,3000,CO2,8.06577120274613e+31,0,1.02011998965537e+33,-3.4003999655179e+32,1.67055129305014e+33,-5.56850431016714e+32
8.30082016403281e+24,1000,2500,1000,CO2,-4.71858604776852e+31,0,-2.85842866753457e+33,9.52809555844858e+32,-3.07779272748738e+33,1.02593090916246e+33
8.30280056011202e+24,2000,2000,2000,CO2,-0.0,0,-0.0,-0.0,-0.0,-0.0
8.30280056011202e+24,4500,4000,5000,CO2,1.04241176097788e+32,0,6.8976283137775e+32,-2.29920943792584e+32,1.40451686090505e+33,-4.6817228696835e+32
8.30478095619124e+24,2000,3000,4500,CO2,-9.49917155792935e+31,0,2.80954759162019e+33,-9.36515863873397e+32,4.55130177861932e+33,-1.51710059287311e+33
8.31666333266653e+24,3500,2500,4000,CO2,1.91547924973081e+32,0,2.64632741018224e+33,-8.82109136727414e+32,4.4852444734854e+33,-1.4950814911618e+33
8.32260452090418e+24,2500,4500,3000,CO2,-2.40090791755915e+32,0,-1.22084927424136e+33,4.06949758080454e+32,-2.50748371173461e+33,8.35827903911535e+32
8.33844768953791e+24,3000,5000,1500,CO2,-2.84581352419334e+32,0,-3.86183276934794e+33,1.28727758978265e+33,-8.45966273183065e+33,2.81988757727688e+33
8.34042808561712e+24,3000,2000,5000,CO2,1.67981951778101e+32,0,6.12395605190863e+33,-2.04131868396954e+33,9.22248381132361e+33,-3.0741612704412e+33
8.35231046209242e+24,4500,2500,5000,CO2,4.8607649999791e+32,0,3.47336292542281e+33,-1.1577876418076e+33,6.14829112963779e+33,-2.04943037654593e+33
8.35429085817164e+24,3500,1500,5000,CO2,4.15687903549326e+32,0,8.75230621226641e+33,-2.91743540408881e+33,1.23489249644776e+34,-4.11630832149252e+33
8.35429085817164e+24,5000,3000,4500,CO2,4.98813551387122e+32,0,1.58851083955545e+33,-5.2950361318515e+32,3.03828087687019e+33,-1.01276029229006e+33
8.35825165033007e+24,3500,1000,1000,CO2,5.37982303175234e+32,0,-4.12026638869063e+32,1.37342212956354e+32,-4.56840785179338e+32,1.52280261726446e+32
8.35825165033007e+24,4000,4500,4000,CO2,-9.36037184746294e+31,0,-3.29505905744707e+32,1.09835301914902e+32,-6.98754444627293e+32,2.32918148209098e+32
8.36617323464693e+24,3500,5000,2500,CO2,-2.45734832454471e+32,0,-2.14425288868384e+33,7.14750962894613e+32,-4.72746378685048e+33,1.57582126228349e+33
8.37211442288458e+24,5000,3500,1000,CO2,3.56360070648775e+32,0,-4.69414301167853e+33,1.56471433722618e+33,-9.66731914011221e+33,3.22243971337074e+33
8.38201640328066e+24,4500,3000,4500,CO2,3.49566843052272e+32,0,1.72197986592658e+33,-5.73993288642195e+32,3.24189203417106e+33,-1.08063067805702e+33
8.38399679935987e+24,3000,3500,4500,CO2,-7.79534902534577e+31,0,1.32978572949707e+33,-4.43261909832357e+32,2.47837742808071e+33,-8.26125809360237e+32
8.3879575915183e+24,5000,2000,1000,CO2,8.45034398104834e+32,0,-3.79238309031811e+33,1.2641276967727e+33,-6.40395009709636e+33,2.13465003236545e+33
8.39389877975595e+24,4500,4500,3000,CO2,-0.0,0,-1.37769735319069e+33,4.59232451063563e+32,-2.96610099299847e+33,9.8870033099949e+32
8.39785957191438e+24,1500,4000,1000,CO2,-1.56116328839479e+32,0,-4.83118914117817e+33,1.61039638039272e+33,-8.25295299151148e+33,2.75098433050383e+33
8.40182036407282e+24,4500,3500,2500,CO2,2.23390818292566e+32,0,-1.70524062973437e+33,5.68413543244791e+32,-3.40737444495388e+33,1.13579148165129e+33
8.40380076015203e+24,5000,2500,3500,CO2,6.66935375210754e+32,0,1.5029354365103e+33,-5.00978478836766e+32,2.75443591022306e+33,-9.18145303407688e+32
8.40578115623125e+24,4000,5000,2500,CO2,-1.82486897179307e+32,0,-2.12402290719351e+33,7.08007635731171e+32,-4.72115140091487e+33,1.57371713363829e+33
8.40776155231046e+24,3000,2500,2000,CO2,8.29471643922469e+31,0,-1.60402579286419e+33,5.34675264288062e+32,-2.58966572409845e+33,8.63221908032816e+32
8.41370274054811e+24,3000,1000,1000,CO2,3.60216731801976e+32,0,-3.67939360240136e+32,1.22646453413379e+32,-3.84738318355202e+32,1.28246106118401e+32
8.41964392878576e+24,2500,3500,2000,CO2,-1.28113731651048e+32,0,-2.70666124548885e+33,9.0222041516295e+32,-4.91368589050348e+33,1.63789529683449e+33
8.42162432486497e+24,1500,3000,4000,CO2,-9.56608883703899e+31,0,2.69257878527052e+33,-8.9752626175684e+32,4.03029863454397e+33,-1.34343287818132e+33
8.42162432486497e+24,3000,4500,1500,CO2,-2.23547902480486e+32,0,-4.06223377804137e+33,1.35407792601379e+33,-8.51759309594931e+33,2.83919769864977e+33
8.42558511702341e+24,2500,2000,3500,CO2,6.83198712216307e+31,0,3.97948346779772e+33,-1.32649448926591e+33,5.64924216394891e+33,-1.8830807213163e+33
8.44142828565713e+24,1000,1500,2000,CO2,-1.60837322083223e+31,0,1.78061336517355e+33,-5.93537788391184e+32,1.4816248683508e+33,-4.93874956116934e+32
8.44538907781556e+24,1000,3000,4000,CO2,-6.51591463124337e+31,0,3.43182178257892e+33,-1.14394059419297e+33,4.5586069331652e+33,-1.5195356443884e+33
8.449349869974e+24,3500,5000,3000,CO2,-2.50617894382262e+32,0,-1.51780435696106e+33,5.05934785653685e+32,-3.33220811927562e+33,1.11073603975854e+33
8.45727145429086e+24,2500,4000,3000,CO2,-1.89865121932253e+32,0,-9.78290000222111e+32,3.26096666740704e+32,-1.90996194513202e+33,6.36653981710675e+32
8.45727145429086e+24,3000,1000,5000,CO2,3.6395601175282e+32,0,1.22477944698375e+34,-4.08259815661251e+33,1.4576373750518e+34,-4.85879125017266e+33
8.45727145429086e+24,5000,4000,2000,CO2,2.30490139301076e+32,0,-2.79480758360272e+33,9.31602527867573e+32,-5.93980747306475e+33,1.97993582435492e+33
8.45925185037008e+24,2000,1500,3500,CO2,5.11519815481947e+31,0,6.17620702380221e+33,-2.05873567460074e+33,7.23739388952601e+33,-2.412464629842e+33
8.46717343468694e+24,1000,1000,2500,CO2,-0.0,0,3.64059972274863e+33,-1.21353324091621e+33,2.74324496628351e+33,-9.14414988761169e+32
8.46915383076615e+24,1500,1500,3000,CO2,-0.0,0,4.76355859454942e+33,-1.58785286484981e+33,4.9514413953052e+33,-1.65048046510173e+33
8.47311462292459e+24,3000,3500,3500,CO2,-7.96243469042831e+31,0,1.30138756497192e+32,-4.33795854990639e+31,2.36892600111888e+32,-7.89642000372959e+31
8.47905581116223e+24,4000,1500,2000,CO2,6.18206106393967e+32,0,1.37083769420683e+33,-4.56945898068943e+32,1.98807525362471e+33,-6.62691751208237e+32
8.48499699939988e+24,3500,1000,3500,CO2,5.54422029398329e+32,0,9.21418488726689e+33,-3.0713949624223e+33,1.12129744860272e+34,-3.73765816200905e+33
8.48895779155831e+24,2000,5000,4000,CO2,-2.80686288559843e+32,0,-6.80140809020297e+31,2.26713603006766e+31,-1.85380368584712e+32,6.17934561949041e+31
8.48895779155831e+24,2500,2500,4500,CO2,-0.0,0,3.95716700709552e+33,-1.31905566903184e+33,6.22839480489045e+33,-2.07613160163015e+33
8.49687937587518e+24,1000,3500,3500,CO2,-8.23682333888195e+31,0,1.90728347520323e+33,-6.35761158401078e+32,2.7228291669262e+33,-9.07609722308732e+32
8.49885977195439e+24,2500,5000,1000,CO2,-3.06590266010314e+32,0,-4.98346345974204e+33,1.66115448658068e+33,-1.06881089099915e+34,3.56270296999717e+33
8.50282056411282e+24,2500,1500,4500,CO2,1.41867221003431e+32,0,8.39703697585444e+33,-2.79901232528481e+33,1.0758229740303e+34,-3.58607658010099e+33
8.50480096019204e+24,1000,2000,2000,CO2,-3.29206155171e+31,0,8.18951454124385e+32,-2.72983818041462e+32,7.72963643736373e+32,-2.57654547912124e+32
8.5127225445089e+24,5000,5000,3500,CO2,-0.0,0,-9.95192837513888e+32,3.31730945837963e+32,-2.20054163972021e+33,7.33513879906738e+32
8.51668333666733e+24,4500,2000,2500,CO2,6.64878136588984e+32,0,9.63043931054163e+32,-3.21014643684721e+32,1.62123794233884e+33,-5.40412647446281e+32
8.51866373274655e+24,1500,1500,3000,CO2,-0.0,0,4.81941604692369e+33,-1.60647201564123e+33,5.00950195999285e+33,-1.66983398666428e+33
8.51866373274655e+24,2000,4000,2000,CO2,-1.94255653984414e+32,0,-2.86089733268427e+33,9.53632444228091e+32,-5.31285437623605e+33,1.77095145874535e+33
8.53648729745949e+24,1500,5000,4500,CO2,-2.21580360585856e+32,0,8.2871401654061e+32,-2.76238005513537e+32,1.59350086733718e+33,-5.3116695577906e+32
8.53648729745949e+24,4000,4000,2000,CO2,-0.0,0,-2.99478880159054e+33,9.98262933863514e+32,-6.20589741172204e+33,2.06863247057401e+33
8.54242848569714e+24,2000,3000,3500,CO2,-1.00508933572865e+32,0,1.46479783390456e+33,-4.88265944634852e+32,2.3411807172402e+33,-7.80393572413398e+32
8.54638927785557e+24,5000,2000,4000,CO2,8.77256988334268e+32,0,4.17124879318849e+33,-1.39041626439616e+33,7.07304863278195e+33,-2.35768287759398e+33
8.55233046609322e+24,3000,4000,2500,CO2,-1.5786547255463e+32,0,-2.02105885621967e+33,6.73686285406556e+32,-4.02592983282428e+33,1.34197661094143e+33
8.56025205041008e+24,1000,3500,1000,CO2,-8.36053794888588e+31,0,-4.02414340507039e+33,1.34138113502346e+33,-5.51259879305508e+33,1.83753293101836e+33
8.57015403080616e+24,3500,1500,3500,CO2,4.37449305598182e+32,0,6.32039467327733e+33,-2.10679822442578e+33,8.83154846255954e+33,-2.94384948751985e+33
8.57213442688538e+24,4000,1000,3000,CO2,7.91569420820867e+32,0,7.96113225465491e+33,-2.65371075155164e+33,1.00250592285314e+34,-3.34168640951046e+33
8.57609521904381e+24,4000,1000,3000,CO2,7.92301086033939e+32,0,7.96849090618209e+33,-2.65616363539403e+33,1.00343256136438e+34,-3.34477520454792e+33
8.59193838767754e+24,2000,3000,4500,CO2,-1.01674413306269e+32,0,3.00720016784594e+33,-1.00240005594865e+33,4.87148732180358e+33,-1.62382910726786e+33
8.59787957591518e+24,5000,2000,1000,CO2,8.87860329329763e+32,0,-3.9845792160247e+33,1.32819307200823e+33,-6.72849916520672e+33,2.24283305506891e+33
8.60580116023205e+24,4500,3000,3000,CO2,3.68489529876913e+32,0,-2.88212858467744e+32,9.60709528225815e+31,-5.30233200635555e+32,1.76744400211852e+32
8.60778155631126e+24,3500,1500,3500,CO2,4.41299007531002e+32,0,6.37601628537848e+33,-2.12533876179283e+33,8.9092690778423e+33,-2.96975635928077e+33
8.60976195239048e+24,5000,1500,4500,CO2,1.10343764089431e+33,0,7.99054600507649e+33,-2.6635153350255e+33,1.23464973332197e+34,-4.11549911107325e+33
8.6117423484697e+24,3500,1500,3500,CO2,4.41705220392184e+32,0,6.38188536682673e+33,-2.12729512227558e+33,8.9174700019808e+33,-2.97249000066027e+33
8.61372274454891e+24,3500,2000,3000,CO2,3.19609420141004e+32,0,2.60527738180942e+33,-8.68425793936472e+32,4.0559450574881e+33,-1.35198168582937e+33
8.61570314062813e+24,2500,5000,1500,CO2,-3.15062212284571e+32,0,-4.18791393286328e+33,1.39597131095443e+33,-8.98259086198786e+33,2.99419695399595e+33
8.61966393278656e+24,2000,1000,4000,CO2,1.06686607645315e+32,0,9.48783686816625e+33,-3.16261228938875e+33,9.80677654558591e+33,-3.2689255151953e+33
8.62560512102421e+24,1000,3000,2500,CO2,-6.79709830268402e+31,0,5.33151055878574e+32,-1.77717018626191e+32,6.2698557060492e+32,-2.0899519020164e+32
8.62560512102421e+24,5000,1000,2500,CO2,1.34514004271013e+33,0,6.24298467609825e+33,-2.08099489203275e+33,8.40728960994619e+33,-2.80242986998206e+33
8.64540908181636e+24,5000,4000,2500,CO2,2.40856791962278e+32,0,-2.01845181555979e+33,6.72817271853263e+32,-4.25976700133533e+33,1.41992233377844e+33
8.6493698739748e+24,3500,3000,4500,CO2,9.99709185376575e+31,0,2.17053774868991e+33,-7.23512582896635e+32,3.92431414954826e+33,-1.30810471651609e+33
8.65135027005401e+24,1000,4000,2500,CO2,-1.02274344099805e+32,0,-5.31291549845182e+32,1.77097183281728e+32,-9.10636824052094e+32,3.03545608017365e+32
8.66917383476695e+24,3500,3000,3500,CO2,1.00431486518804e+32,0,7.89013507696103e+32,-2.63004502565368e+32,1.43638622711094e+33,-4.78795409036981e+32
8.6751150230046e+24,1000,4500,1000,CO2,-1.19655681410703e+32,0,-4.38199200308932e+33,1.46066400102977e+33,-7.24151867627513e+33,2.41383955875838e+33
8.68105621124225e+24,2000,4500,3500,CO2,-2.48438633017786e+32,0,-3.65204581413568e+32,1.21734860471189e+32,-7.63313016371902e+32,2.54437672123967e+32
8.68501700340068e+24,5000,1500,2500,CO2,1.12281331141678e+33,0,3.20253664604228e+33,-1.06751221534743e+33,4.95892892764795e+33,-1.65297630921598e+33
8.69293858771755e+24,1000,2500,1000,CO2,-5.17491346798152e+31,0,-3.13486304141566e+33,1.04495434713855e+33,-3.37544147248565e+33,1.12514715749522e+33
8.69491898379676e+24,3000,1500,1000,CO2,2.8159292196786e+32,0,-2.41264682638979e+33,8.04215608796596e+32,-3.05111712560473e+33,1.01703904186824e+33
8.70680136027206e+24,1500,3000,4000,CO2,-1.02249208274405e+32,0,2.87802103556033e+33,-9.59340345186778e+32,4.3078718116849e+33,-1.43595727056163e+33
8.70878175635127e+24,1500,2000,4000,CO2,-3.44952751500479e+31,0,5.71377954813225e+33,-1.90459318271075e+33,6.9801487806611e+33,-2.32671626022037e+33
8.71076215243049e+24,1500,3000,1000,CO2,-1.02344264478747e+32,0,-4.74223773794318e+33,1.58074591264773e+33,-6.74847582953951e+33,2.24949194317984e+33
8.71670334066813e+24,3500,3000,5000,CO2,1.01530645025191e+32,0,2.73284201280237e+33,-9.1094733760079e+32,4.92851979337796e+33,-1.64283993112599e+33
8.71868373674735e+24,3000,4000,4500,CO2,-1.64034105317897e+32,0,7.57018804864802e+32,-2.52339601621601e+32,1.47611162663957e+33,-4.92037208879856e+32
8.72066413282657e+24,2000,4500,1500,CO2,-2.50783879389214e+32,0,-4.33351047919962e+33,1.44450349306654e+33,-8.52103665327674e+33,2.84034555109225e+33
8.73056611322265e+24,3500,4500,2000,CO2,-1.8420226438949e+32,0,-3.22541831324232e+33,1.07513943774744e+33,-6.87175666152741e+33,2.29058555384247e+33
8.73452690538108e+24,4500,4000,1500,CO2,1.15391474697777e+32,0,-4.13455230525078e+33,1.37818410175026e+33,-8.73250644648456e+33,2.91083548216152e+33
8.73650730146029e+24,5000,3500,3500,CO2,3.88049419996138e+32,0,-2.13820574954396e+32,7.12735249847986e+31,-4.16834398293622e+32,1.38944799431207e+32
8.74046809361872e+24,3000,4000,3500,CO2,-1.64877358961504e+32,0,-4.05874889209355e+32,1.35291629736452e+32,-8.15912639628904e+32,2.71970879876301e+32
8.74838967793559e+24,1500,3500,5000,CO2,-1.36594695150257e+32,0,3.18090214614842e+33,-1.06030071538281e+33,5.23662803722887e+33,-1.74554267907629e+33
8.7503700740148e+24,3000,3000,3500,CO2,-0.0,0,9.75287597814645e+32,-3.25095865938215e+32,1.71702686472966e+33,-5.7234228824322e+32
8.75235047009402e+24,1000,3500,3000,CO2,-8.73975056498365e+31,0,1.06065100903011e+33,-3.53550336343368e+32,1.45817008091222e+33,-4.86056693637406e+32
8.75433086617324e+24,1500,2000,4000,CO2,-3.48570566439524e+31,0,5.77370484780801e+33,-1.92456828260267e+33,7.05335557905767e+33,-2.35111852635256e+33
8.75433086617324e+24,2000,1000,1500,CO2,1.10046247679243e+32,0,1.4931499610731e+33,-4.97716653691035e+32,1.41067545533968e+33,-4.70225151779893e+32
8.76027205441088e+24,3500,4500,4500,CO2,-1.85382751546354e+32,0,1.59697774649763e+32,-5.32325915499209e+31,3.22467623897306e+32,-1.07489207965769e+32
8.7622524504901e+24,1500,3500,3000,CO2,-1.37052517794718e+32,0,1.95244119809975e+32,-6.50813732699916e+31,2.65455789057965e+32,-8.84852630193216e+31
8.76621324264853e+24,2000,5000,2500,CO2,-2.99513514000765e+32,0,-2.20213676946656e+33,7.34045589822187e+32,-4.61231893071726e+33,1.53743964357242e+33
8.76621324264853e+24,3000,1500,4500,CO2,2.86229190423359e+32,0,8.89961075194615e+33,-2.96653691731538e+33,1.20076328455355e+34,-4.00254428184518e+33
8.76819363872775e+24,2500,4500,4500,CO2,-2.66381025808103e+32,0,4.91252375744208e+32,-1.63750791914736e+32,9.65170968657606e+32,-3.21723656219202e+32
8.77611522304461e+24,4500,1500,1000,CO2,8.92986641890029e+32,0,-2.68656010067443e+33,8.95520033558143e+32,-3.91795418536654e+33,1.30598472845551e+33
8.77809561912383e+24,1000,2000,3000,CO2,-3.50703605179201e+31,0,3.77842055601717e+33,-1.25947351867239e+33,3.82560823680691e+33,-1.2752027456023e+33
8.78205641128226e+24,2500,1500,3000,CO2,1.51338454049618e+32,0,5.29507318136764e+33,-1.76502439378921e+33,6.6137373821549e+33,-2.20457912738497e+33
8.78601720344069e+24,4500,1000,3500,CO2,1.09996914318153e+33,0,1.0087274665315e+34,-3.36242488843833e+33,1.32719478915252e+34,-4.42398263050839e+33
8.78997799559912e+24,4500,1500,4500,CO2,8.95808507123454e+32,0,8.52367012348214e+33,-2.84122337449405e+33,1.28163116246324e+34,-4.27210387487745e+33
8.79393878775755e+24,3000,1000,1500,CO2,3.93510594948436e+32,0,1.64982847404228e+33,-5.49942824680761e+32,1.82537373424717e+33,-6.08457911415724e+32
8.79393878775755e+24,3000,2000,1000,CO2,1.86748806058809e+32,0,-4.08929985603307e+33,1.36309995201102e+33,-5.90924195721392e+33,1.96974731907131e+33
8.79789957991598e+24,1000,4000,5000,CO2,-1.05718159839674e+32,0,3.32468735025123e+33,-1.10822911675041e+33,5.38339919729832e+33,-1.79446639909944e+33
8.81374274854971e+24,2500,4500,1000,CO2,-2.6931213961134e+32,0,-5.56743961277665e+33,1.85581320425888e+33,-1.13594968315429e+34,3.78649894384763e+33
8.82364472894579e+24,4500,5000,3000,CO2,-1.08112713252963e+32,0,-1.62251893684428e+33,5.4083964561476e+32,-3.60289327196682e+33,1.20096442398894e+33
8.82760552110422e+24,3500,3500,3500,CO2,-0.0,0,-0.0,-0.0,-0.0,-0.0
8.83552710542109e+24,2500,3000,4500,CO2,-7.20441231920528e+31,0,2.79381280495226e+33,-9.31270934984086e+32,4.74627463654633e+33,-1.58209154551544e+33
8.83948789757952e+24,3000,1000,4000,CO2,3.97597531978151e+32,0,1.11418810187661e+34,-3.71396033958871e+33,1.30494268229632e+34,-4.34980894098774e+33
8.83948789757952e+24,4500,4500,1000,CO2,-0.0,0,-5.01635118913431e+33,1.67211706304477e+33,-1.10574142166765e+34,3.68580473889218e+33
8.84542908581717e+24,4500,2000,1500,CO2,7.17197660170084e+32,0,-2.53193905518124e+33,8.43979685060414e+32,-4.14040264130663e+33,1.38013421376888e+33
8.84740948189638e+24,1000,5000,2500,CO2,-1.41659391346543e+32,0,-1.10924782469001e+33,3.6974927489667e+32,-2.1230711018159e+33,7.07690367271966e+32
8.84740948189638e+24,3500,1500,5000,CO2,4.66208792873794e+32,0,9.81602322136937e+33,-3.27200774045646e+33,1.38497592829159e+34,-4.61658642763864e+33
8.85731146229246e+24,3500,3000,5000,CO2,1.04832621754943e+32,0,2.82171942247628e+33,-9.40573140825425e+32,5.08880497294925e+33,-1.69626832431642e+33
8.85731146229246e+24,5000,4500,3000,CO2,1.20429676202314e+32,0,-1.51057454970277e+33,5.03524849900923e+32,-3.27273872790141e+33,1.09091290930047e+33
8.86127225445089e+24,1500,2000,2000,CO2,-3.57139256813592e+31,0,3.52881312465831e+32,-1.17627104155277e+32,3.93945602105767e+32,-1.31315200701922e+32
8.87117423484697e+24,3500,2500,1500,CO2,2.17943038891153e+32,0,-3.60239008050759e+33,1.20079669350253e+33,-6.04626845416025e+33,2.01542281805342e+33
8.8751350270054e+24,3500,3000,3000,CO2,1.05260591757087e+32,0,-1.40026438956842e+32,4.66754796522806e+31,-2.46496905551539e+32,8.21656351838465e+31
8.88305661132227e+24,3000,1000,2500,CO2,4.01526684724452e+32,0,6.23625239386118e+33,-2.07875079795373e+33,7.06335058596531e+33,-2.35445019532177e+33
8.88503700740148e+24,1500,2000,2500,CO2,-3.59057423682922e+31,0,2.07903585518737e+33,-6.93011951729124e+32,2.41998231459961e+33,-8.06660771533205e+32
8.88899779955991e+24,3000,1000,4000,CO2,4.02063886335102e+32,0,1.1267041727348e+34,-3.75568057578268e+33,1.31960156713811e+34,-4.39867189046036e+33
8.88899779955991e+24,4000,4500,2000,CO2,-1.0589358001017e+32,0,-3.26821035605642e+33,1.08940345201881e+33,-7.05542932272826e+33,2.35180977424275e+33
8.89295859171834e+24,2500,4000,4000,CO2,-2.09909480701471e+32,0,4.5010388062093e+32,-1.50034626873643e+32,8.42794471434886e+32,-2.80931490478295e+32
8.89691938387678e+24,5000,1000,4000,CO2,1.43109211295005e+33,0,1.17486922161201e+34,-3.9162307387067e+33,1.60336983618448e+34,-5.34456612061493e+33
8.90286057211442e+24,3500,5000,1000,CO2,-2.78324025328576e+32,0,-5.18590248501958e+33,1.72863416167319e+33,-1.15669933295516e+34,3.85566444318385e+33
8.90286057211442e+24,4500,4000,3500,CO2,1.19874984226191e+32,0,-6.43798416344595e+32,2.14599472114865e+32,-1.32600609848869e+33,4.42002032829564e+32
8.90880176035207e+24,4500,4000,5000,CO2,1.20013107448667e+32,0,7.94125545154818e+32,-2.64708515051606e+32,1.61702351461516e+33,-5.39007838205054e+32
8.91078215643129e+24,2500,4500,1000,CO2,-2.75275045162142e+32,0,-5.69070964664403e+33,1.89690321554801e+33,-1.16110102122947e+34,3.87033673743155e+33
8.91474294858972e+24,2500,1500,3500,CO2,1.55946081230947e+32,0,6.9289448603819e+33,-2.30964828679397e+33,8.73729268977249e+33,-2.91243089659083e+33
8.91870374074815e+24,3000,1500,1500,CO2,2.96274402239331e+32,0,-5.48876651065191e+32,1.82958883688397e+32,-6.82756256925502e+32,2.27585418975167e+32
8.92860572114423e+24,2000,4500,1500,CO2,-2.62886198378082e+32,0,-4.54263686439075e+33,1.51421228813025e+33,-8.93224451857075e+33,2.97741483952358e+33
8.93652730546109e+24,3000,3500,1000,CO2,-8.85746962581428e+31,0,-5.86409945694905e+33,1.95469981898302e+33,-1.10106094132488e+34,3.6702031377496e+33
8.93850770154031e+24,5000,4000,1000,CO2,2.57469578299603e+32,0,-5.18806496048533e+33,1.72935498682844e+33,-1.11482794218497e+34,3.71609314061657e+33
8.94048809761953e+24,4500,4500,1500,CO2,-0.0,0,-4.21227770666953e+33,1.40409256888984e+33,-9.2428659036787e+33,3.08095530122623e+33
8.94048809761953e+24,4500,4500,4500,CO2,-0.0,0,-0.0,-0.0,-0.0,-0.0
8.94246849369874e+24,5000,4500,5000,CO2,1.22713946251101e+32,0,2.83990556692203e+32,-9.46635188974009e+31,6.01707531488492e+32,-2.00569177162831e+32
8.94444888977796e+24,4000,3500,5000,CO2,1.1585904169958e+32,0,1.61679083830258e+33,-5.38930279434192e+32,3.12652939690274e+33,-1.04217646563425e+33
8.94642928585717e+24,1000,1000,3500,CO2,-0.0,0,6.51292687747057e+33,-2.17097562582352e+33,5.19207686568335e+33,-1.73069228856112e+33
8.94642928585717e+24,3500,4000,5000,CO2,-9.98897013196121e+31,0,1.06337665400222e+33,-3.54458884667406e+32,2.11082888685796e+33,-7.03609628952653e+32
8.94840968193639e+24,1500,1000,5000,CO2,3.62347753152389e+31,0,1.11822507774432e+34,-3.72741692581439e+33,1.08732187586541e+34,-3.6244062528847e+33
8.95435087017404e+24,3000,3000,1000,CO2,-0.0,0,-5.73804310848272e+33,1.91268103616091e+33,-1.00355333099922e+34,3.3451777699974e+33
8.9622724544909e+24,1500,4000,1000,CO2,-1.77806403921468e+32,0,-5.50241204262872e+33,1.83413734754291e+33,-9.3995798137324e+33,3.13319327124413e+33
8.96425285057012e+24,1000,5000,3000,CO2,-1.45395103561424e+32,0,-1.81995077866197e+32,6.0665025955399e+31,-4.41527040121231e+32,1.4717568004041e+32
8.98207641528306e+24,3000,1000,1500,CO2,4.10528246599424e+32,0,1.72117650536737e+33,-5.73725501789122e+32,1.90431334792226e+33,-6.34771115974085e+32
8.98603720744149e+24,5000,2000,1500,CO2,9.69836133246791e+32,0,-2.61315580413551e+33,8.71051934711837e+32,-4.39835762789402e+33,1.46611920929801e+33
8.99593918783757e+24,3500,5000,4000,CO2,-2.83999361493873e+32,0,-5.73882210955534e+32,1.91294070318511e+32,-1.25514247380822e+33,4.18380824602741e+32
9.00188037607522e+24,5000,1000,3500,CO2,1.46505800468179e+33,0,1.05843274616742e+34,-3.52810915389139e+33,1.43921217443318e+34,-4.79737391477728e+33
9.00188037607522e+24,5000,4500,3000,CO2,1.24393062519012e+32,0,-1.56028813101795e+33,5.20096043672649e+32,-3.38044580062077e+33,1.12681526687359e+33
9.00980196039208e+24,3000,1000,4500,CO2,4.13066213523914e+32,0,1.28266031427778e+34,-4.27553438092594e+33,1.51517790210955e+34,-5.05059300703183e+33
9.00980196039208e+24,3000,4500,4000,CO2,-2.55777986427408e+32,0,-1.9374255578451e+32,6.45808519281699e+31,-4.18196332250271e+32,1.39398777416757e+32
9.00980196039208e+24,5000,3000,3500,CO2,5.80172407296935e+32,0,5.20526060546247e+32,-1.73508686848749e+32,1.02047750125796e+33,-3.40159167085985e+32
9.02168433686738e+24,3500,3000,5000,CO2,1.08759666832167e+32,0,2.92742143757276e+33,-9.75807145857586e+32,5.27943233858637e+33,-1.75981077952879e+33
9.0375275055011e+24,3500,2500,2000,CO2,2.26193457954679e+32,0,-1.95081197243078e+33,6.50270657476928e+32,-3.27225046510872e+33,1.09075015503624e+33
9.03950790158032e+24,3500,1000,4500,CO2,6.29254481980065e+32,0,1.32073903811405e+34,-4.40246346038016e+33,1.63087214902867e+34,-5.43624049676223e+33
9.04544908981796e+24,4000,3500,4000,CO2,1.18500086868232e+32,0,5.97015542082448e+32,-1.99005180694149e+32,1.16790599159774e+33,-3.89301997199245e+32
9.0494098819764e+24,4000,4500,3000,CO2,-1.09741227778604e+32,0,-1.61243754489066e+33,5.37479181630219e+32,-3.44477869485737e+33,1.14825956495246e+33
9.05733146629326e+24,1000,3500,5000,CO2,-9.35762947055235e+31,0,4.3599472906742e+33,-1.45331576355807e+33,6.52350886032752e+33,-2.17450295344251e+33
9.05733146629326e+24,2000,1000,4000,CO2,1.17795788037499e+32,0,1.04757967782844e+34,-3.49193225942813e+33,1.08279473571366e+34,-3.60931578571219e+33
9.06723344668934e+24,1000,2000,4500,CO2,-3.7418556938828e+31,0,7.27359988115197e+33,-2.42453329371732e+33,7.84211977633319e+33,-2.6140399254444e+33
9.06921384276855e+24,4000,2000,2000,CO2,5.41136074084743e+32,0,-6.28769269240214e+32,2.09589756413405e+32,-9.73315007370848e+32,3.24438335790283e+32
9.08109621924385e+24,4500,4500,2500,CO2,-0.0,0,-2.39207965105691e+33,7.97359883685637e+32,-5.18434499010113e+33,1.72811499670038e+33
9.08307661532306e+24,3000,4000,2500,CO2,-1.78067294876956e+32,0,-2.27969091334784e+33,7.59896971115946e+32,-4.54112240691122e+33,1.51370746897041e+33
9.0870374074815e+24,1500,1000,3500,CO2,3.73662674397109e+31,0,8.16994006786432e+33,-2.72331335595477e+33,7.54021726339369e+33,-2.51340575446456e+33
9.0870374074815e+24,3500,3000,3500,CO2,1.10346636411246e+32,0,8.66909269942972e+32,-2.88969756647657e+32,1.57819419231096e+33,-5.2606473077032e+32
9.08901780356071e+24,2500,5000,2000,CO2,-3.50601463493946e+32,0,-3.52965243632206e+33,1.17655081210735e+33,-7.57073888022824e+33,2.52357962674275e+33
9.09099819963993e+24,1000,1000,1500,CO2,-0.0,0,1.26907952977528e+33,-4.23026509925094e+32,8.98007800602876e+32,-2.99335933534292e+32
9.09099819963993e+24,4500,5000,5000,CO2,-1.14687732148931e+32,0,5.02154129026081e+31,-1.6738470967536e+31,1.05147911306738e+32,-3.50493037689127e+31
9.09693938787758e+24,2500,5000,1500,CO2,-3.51241211915647e+32,0,-4.66881748373147e+33,1.55627249457716e+33,-1.00140733400847e+34,3.3380244466949e+33
9.09891978395679e+24,1500,2500,1000,CO2,-7.4936166546925e+31,0,-4.47159819158743e+33,1.49053273052914e+33,-5.68160133471754e+33,1.89386711157251e+33
9.09891978395679e+24,4500,1000,2000,CO2,1.1797122475808e+33,0,4.48865717497809e+33,-1.49621905832603e+33,5.79336410738022e+33,-1.93112136912674e+33
9.10090018003601e+24,5000,1500,3500,CO2,1.23291994592296e+33,0,6.72796760781192e+33,-2.24265586927064e+33,1.0404699354865e+34,-3.46823311828834e+33
9.10684136827365e+24,3000,1000,4000,CO2,4.22012205814175e+32,0,1.18260537540433e+34,-3.94201791801445e+33,1.38507333553368e+34,-4.6169111184456e+33
9.11674334866973e+24,4500,2000,3000,CO2,7.61869341761758e+32,0,2.62933612676383e+33,-8.76445375587944e+32,4.37631277394772e+33,-1.45877092464924e+33
9.12862572514503e+24,1500,2500,4000,CO2,-7.54258927372921e+31,0,4.53867834084907e+33,-1.51289278028302e+33,6.18895088328211e+33,-2.0629836277607e+33
9.14050810162032e+24,3000,4500,2500,CO2,-2.63321758409756e+32,0,-2.5011503317435e+33,8.33716777247835e+32,-5.22927573810108e+33,1.74309191270036e+33
9.14050810162032e+24,4000,5000,3000,CO2,-2.15761972661127e+32,0,-1.76824538453247e+33,5.89415128177491e+32,-3.90742007557596e+33,1.30247335852532e+33
9.14248849769954e+24,4000,4500,1000,CO2,-1.12023464822365e+32,0,-5.55694011112287e+33,1.85231337037429e+33,-1.20970315245109e+34,4.03234384150363e+33
9.14446889377876e+24,5000,3000,1500,CO2,5.97647710713189e+32,0,-4.25911653438309e+33,1.41970551146103e+33,-8.30138291836516e+33,2.76712763945505e+33
9.14644928985797e+24,4000,2500,2000,CO2,3.95099226317306e+32,0,-2.05109830199219e+33,6.83699433997397e+32,-3.54998888741985e+33,1.18332962913995e+33
9.15437087417483e+24,3000,5000,2000,CO2,-3.42975239806745e+32,0,-3.56536785007841e+33,1.18845595002614e+33,-7.79201563451767e+33,2.59733854483922e+33
9.17417483496699e+24,1000,1000,5000,CO2,-0.0,0,9.79588140529144e+33,-3.26529380176381e+33,8.35051837064687e+33,-2.78350612354896e+33
9.17813562712543e+24,4000,4000,4000,CO2,-0.0,0,-0.0,-0.0,-0.0,-0.0
9.18011602320464e+24,3500,1000,3500,CO2,6.4898316667714e+32,0,1.07857382452436e+34,-3.59524608174786e+33,1.31254374897568e+34,-4.37514582991893e+33
9.18407681536307e+24,2500,4000,5000,CO2,-2.23828390528119e+32,0,1.60275506622531e+33,-5.3425168874177e+32,3.05591876740014e+33,-1.01863958913338e+33
9.19397879575915e+24,3500,1500,3000,CO2,5.03451341450482e+32,0,5.70844939958664e+33,-1.90281646652888e+33,7.94154021403814e+33,-2.64718007134605e+33
9.19595919183837e+24,2500,5000,4000,CO2,-3.58657478316527e+32,0,-3.49596308380978e+32,1.16532102793659e+32,-7.74536101894025e+32,2.58178700631342e+32
9.20982196439288e+24,1500,4500,3000,CO2,-2.23360717887785e+32,0,-8.05373879354109e+32,2.68457959784703e+32,-1.58133203836545e+33,5.2711067945515e+32
9.21378275655131e+24,3500,4500,1000,CO2,-2.051657214392e+32,0,-5.82753391810459e+33,1.94251130603486e+33,-1.248707587016e+34,4.16235862338667e+33
9.22170434086817e+24,2500,3000,5000,CO2,-7.84769121908017e+31,0,3.68746752143012e+33,-1.22915584047671e+33,6.27275674235814e+33,-2.09091891411938e+33
9.23358671734347e+24,5000,5000,1500,CO2,-0.0,0,-4.14581636762409e+33,1.38193878920803e+33,-9.46045554393223e+33,3.15348518131074e+33
9.23952790558112e+24,3000,2500,5000,CO2,1.00168056536797e+32,0,5.06836338627497e+33,-1.68945446209166e+33,8.31164356015532e+33,-2.77054785338511e+33
9.24348869773955e+24,3500,2500,5000,CO2,2.36614962176048e+32,0,4.76671594823144e+33,-1.58890531607715e+33,8.05830780583013e+33,-2.68610260194338e+33
9.26527305461092e+24,3000,3000,4500,CO2,-0.0,0,2.74801246693397e+33,-9.16004155644658e+32,4.8349357595154e+33,-1.6116452531718e+33
9.26923384676935e+24,3000,2000,4000,CO2,2.07480884512012e+32,0,5.76927320603825e+33,-1.92309106867942e+33,8.64919710443713e+33,-2.88306570147904e+33
9.28111622324465e+24,2500,2500,4000,CO2,-0.0,0,3.84819898780182e+33,-1.28273299593394e+33,6.0386457595391e+33,-2.01288191984637e+33
9.28903780756151e+24,3500,3000,5000,CO2,1.15301265746858e+32,0,3.10349789547899e+33,-1.034499298493e+33,5.59697587160928e+33,-1.86565862386976e+33
9.29893978795759e+24,2000,4000,2500,CO2,-2.31466509850251e+32,0,-2.05606481283979e+33,6.85354937613262e+32,-3.84987768198299e+33,1.283292560661e+33
9.30092018403681e+24,2000,4000,1500,CO2,-2.31573469627148e+32,0,-4.90737538295569e+33,1.63579179431856e+33,-9.05618707483232e+33,3.01872902494411e+33
9.31478295659132e+24,3000,4000,4000,CO2,-1.87246257345755e+32,0,2.64170822448768e+32,-8.80569408162561e+31,5.06027412315876e+32,-1.68675804105292e+32
9.32072414482897e+24,2500,2500,1000,CO2,-0.0,0,-5.55755964378304e+33,1.85251988126101e+33,-8.44444555123589e+33,2.81481518374529e+33
9.33062612522504e+24,3000,3500,4500,CO2,-9.65505901505143e+31,0,1.64702820283252e+33,-5.49009400944172e+32,3.06963552906847e+33,-1.02321184302282e+33
9.33062612522504e+24,4000,2500,1500,CO2,4.11171211975765e+32,0,-3.993235262968e+33,1.33107842098933e+33,-6.93109370495122e+33,2.31036456831707e+33
9.33656731346269e+24,1500,4000,4500,CO2,-1.92904265774577e+32,0,2.11877264278632e+33,-7.06257547595439e+32,3.69891804672061e+33,-1.2329726822402e+33
9.33854770954191e+24,1000,5000,5000,CO2,-1.57552893563746e+32,0,2.47631966812501e+33,-8.25439889375004e+32,4.56498760484805e+33,-1.52166253494935e+33
9.34052810562112e+24,4000,5000,4000,CO2,-2.25244062067199e+32,0,-6.74729384599111e+32,2.2490979486637e+32,-1.47703266406567e+33,4.92344221355223e+32
9.34250850170034e+24,1500,4500,4000,CO2,-2.29776628139945e+32,0,8.44577929961955e+32,-2.81525976653985e+32,1.51953828039649e+33,-5.06512760132163e+32
9.35241048209642e+24,3000,2000,2000,CO2,2.11221477938701e+32,0,-4.48993883518778e+32,1.49664627839593e+32,-6.38809257877567e+32,2.12936419292522e+32
9.36825365073015e+24,3500,1000,3500,CO2,6.75856311840095e+32,0,1.12323549287519e+34,-3.74411830958396e+33,1.36689366205517e+34,-4.55631220685055e+33
9.37023404680936e+24,1000,3000,2500,CO2,-8.02130968241135e+31,0,6.29175794767882e+32,-2.09725264922627e+32,7.3991065073158e+32,-2.46636883577193e+32
9.38805761152231e+24,5000,2000,3500,CO2,1.05855477367147e+33,0,3.96037484110976e+33,-1.32012494703659e+33,6.73806170321934e+33,-2.24602056773978e+33
9.39003800760152e+24,4500,2500,2500,CO2,6.14377367464868e+32,0,-5.36003154388232e+32,1.78667718129411e+32,-9.2891570446241e+32,3.09638568154137e+32
9.39795959191838e+24,4500,2500,3000,CO2,6.15414293560911e+32,0,8.59280232223226e+32,-2.86426744074409e+32,1.56157251881437e+33,-5.20524172938124e+32
9.3999399879976e+24,2000,2000,2000,CO2,-0.0,0,-0.0,-0.0,-0.0,-0.0
9.40390078015603e+24,2000,3000,3500,CO2,-1.21803014879392e+32,0,1.7751336723619e+33,-5.91711224120635e+32,2.83718928855834e+33,-9.4572976285278e+32
9.41182236447289e+24,1000,2000,3000,CO2,-4.03168933249393e+31,0,4.34367301174059e+33,-1.44789100391353e+33,4.39791997882492e+33,-1.46597332627497e+33
9.41182236447289e+24,3000,4500,3500,CO2,-2.79145164402948e+32,0,-8.75987125407937e+32,2.91995708469312e+32,-1.83371425146448e+33,6.11238083821494e+32
9.42370474094819e+24,4500,4000,2500,CO2,1.34316906249261e+32,0,-2.44625559030755e+33,8.15418530102518e+32,-5.10948649687244e+33,1.70316216562415e+33
9.42964592918584e+24,4500,4000,1000,CO2,1.34489213775746e+32,0,-5.96870127051839e+33,1.9895670901728e+33,-1.26561168821227e+34,4.21870562737423e+33
9.44746949389878e+24,2500,3500,4500,CO2,-1.61286453405392e+32,0,1.99473138664729e+33,-6.64910462215763e+32,3.6080777142763e+33,-1.20269257142543e+33
9.44746949389878e+24,3000,2500,3000,CO2,1.04730128407467e+32,0,1.32457634641627e+33,-4.41525448805424e+32,2.1691298579463e+33,-7.230432859821e+32
9.449449889978e+24,3500,1500,2500,CO2,5.31818649218436e+32,0,4.06468934691216e+33,-1.35489644897072e+33,5.63012379262471e+33,-1.8767079308749e+33
9.45737147429486e+24,1000,3000,5000,CO2,-8.17052645767958e+31,0,5.88629798374985e+33,-1.96209932791662e+33,8.04600679800648e+33,-2.68200226600216e+33
9.46925385077015e+24,3000,2500,2000,CO2,1.05213699048623e+32,0,-2.03461430264897e+33,6.78204767549658e+32,-3.2848417679881e+33,1.09494725599603e+33
9.47321464292859e+24,4000,1500,3500,CO2,7.7167250322929e+32,0,7.60063073008906e+33,-2.53354357669635e+33,1.10388528380741e+34,-3.67961761269138e+33
9.4870774154831e+24,1000,3000,3000,CO2,-8.22258206319959e+31,0,2.08668576985025e+33,-6.95561923283418e+32,2.65098525851531e+33,-8.83661752838435e+32
9.49499899979996e+24,2500,2000,3000,CO2,8.67634577603707e+31,0,3.5610517997208e+33,-1.1870172665736e+33,5.02390441547601e+33,-1.67463480515867e+33
9.50886177235447e+24,3000,4500,1000,CO2,-2.84999553744317e+32,0,-6.37410039706096e+33,2.12470013235365e+33,-1.33782329812456e+34,4.45941099374853e+33
9.51876375275055e+24,4500,3500,3500,CO2,2.86730297334104e+32,0,-1.95681652583677e+32,6.52272175278923e+31,-3.76715740793801e+32,1.25571913597934e+32
9.52074414882977e+24,4500,2000,4500,CO2,8.30885615918072e+32,0,6.32723064278882e+33,-2.10907688092961e+33,1.04524020831083e+34,-3.48413402770277e+33
9.52272454490898e+24,3000,3500,4500,CO2,-1.00567070945574e+32,0,1.71554417083732e+33,-5.71848056945774e+32,3.19733161182793e+33,-1.06577720394264e+33
9.5247049409882e+24,3000,1500,4000,CO2,3.37904141376908e+32,0,9.31057632896323e+33,-3.10352544298774e+33,1.24984934664777e+34,-4.1661644888259e+33
9.53064612922585e+24,3000,2500,3500,CO2,1.06582265685898e+32,0,2.65580076009857e+33,-8.85266920032858e+32,4.34782019289373e+33,-1.44927339763124e+33
9.54054810962193e+24,2000,4500,2000,CO2,-3.00143591143205e+32,0,-3.75110181725994e+33,1.25036727241998e+33,-7.41058034632735e+33,2.47019344877578e+33
9.54054810962193e+24,4500,3000,2000,CO2,4.52887011917995e+32,0,-3.08635792744068e+33,1.02878597581356e+33,-5.87395521479287e+33,1.95798507159762e+33
9.54648929785957e+24,3500,3000,3500,CO2,1.21787256672546e+32,0,9.56789488144239e+32,-3.18929829381413e+32,1.74181966418786e+33,-5.80606554729288e+32
9.54846969393879e+24,3500,3000,4000,CO2,1.21836900684869e+32,0,1.88128696786672e+33,-6.27095655955572e+32,3.41058576404635e+33,-1.13686192134878e+33
9.550450090018e+24,2000,1500,3500,CO2,6.51997950912683e+31,0,7.87237209987163e+33,-2.62412403329054e+33,9.22499157041057e+33,-3.07499719013686e+33
9.55441088217644e+24,1500,4500,2500,CO2,-2.40409786783988e+32,0,-2.01558399944455e+33,6.71861333148184e+32,-3.83234512814127e+33,1.27744837604709e+33
9.55441088217644e+24,4000,4500,1500,CO2,-1.22343778174611e+32,0,-4.96984044186679e+33,1.65661348062226e+33,-1.07798907346476e+34,3.5932969115492e+33
9.56035207041408e+24,3500,4000,1500,CO2,-1.14104026299282e+32,0,-5.21947031679502e+33,1.73982343893167e+33,-1.06576507222823e+34,3.55255024076076e+33
9.5623324664933e+24,2000,2500,5000,CO2,-6.38454207863484e+31,0,6.24335642620653e+33,-2.08111880873551e+33,9.35386661520736e+33,-3.11795553840245e+33
9.5623324664933e+24,4000,4000,4000,CO2,-0.0,0,-0.0,-0.0,-0.0,-0.0
9.56629325865173e+24,1000,1500,1500,CO2,-2.06558153900754e+31,0,3.90823576862869e+32,-1.30274525620957e+32,3.08706975025098e+32,-1.02902325008366e+32
9.57223444688938e+24,2000,4500,4000,CO2,-3.02020715582325e+32,0,3.17738417656012e+32,-1.05912805885337e+32,5.74207039407486e+32,-1.91402346469162e+32
9.57421484296859e+24,1000,4000,1500,CO2,-1.25263781034869e+32,0,-3.77632973498435e+33,1.25877657832812e+33,-5.81498365935351e+33,1.93832788645117e+33
9.58015603120624e+24,5000,4500,3000,CO2,1.40888274508343e+32,0,-1.7671910158283e+33,5.89063671942766e+32,-3.82871171650463e+33,1.27623723883488e+33
9.58213642728546e+24,3500,2500,3000,CO2,2.54275992151352e+32,0,1.16774919531768e+33,-3.89249731772559e+32,1.99202654515092e+33,-6.6400884838364e+32
9.58411682336467e+24,3000,3000,1000,CO2,-0.0,0,-6.57354724256233e+33,2.19118241418744e+33,-1.14967857630797e+34,3.83226192102656e+33
9.59203840768154e+24,3500,5000,2500,CO2,-3.23024031645728e+32,0,-2.81866923810642e+33,9.39556412702141e+32,-6.21435877296948e+33,2.07145292432316e+33
9.59401880376075e+24,4500,3000,2500,CO2,4.57977495872146e+32,0,-1.6229705416587e+33,5.40990180552899e+32,-3.06877335593214e+33,1.02292445197738e+33
9.60986197239448e+24,1500,4000,2000,CO2,-2.04424984997541e+32,0,-3.18281274058308e+33,1.06093758019436e+33,-5.55794571332884e+33,1.85264857110961e+33
9.61778355671134e+24,2000,4500,3500,CO2,-3.04946738494423e+32,0,-4.48271448898674e+32,1.49423816299558e+32,-9.36930830626039e+32,3.12310276875346e+32
9.61976395279056e+24,3500,1000,3000,CO2,7.12633008413647e+32,0,9.86097470835978e+33,-3.28699156945326e+33,1.1892118511154e+34,-3.96403950371798e+33
9.62174434886977e+24,1000,1000,2500,CO2,-0.0,0,4.70114500878313e+33,-1.56704833626104e+33,3.5423813006766e+33,-1.1807937668922e+33
9.6375875175035e+24,2500,3500,2000,CO2,-1.67859103900464e+32,0,-3.54636248101323e+33,1.18212082700441e+33,-6.43808356683304e+33,2.14602785561101e+33
9.6375875175035e+24,4000,2500,2000,CO2,4.38669851014984e+32,0,-2.27728865717748e+33,7.59096219059161e+32,-3.94147341381697e+33,1.31382447127232e+33
9.63956791358272e+24,2000,2500,5000,CO2,-6.48809514226498e+31,0,6.34461955162818e+33,-2.11487318387606e+33,9.50558016535118e+33,-3.16852672178373e+33
9.64154830966193e+24,1000,4000,5000,CO2,-1.26965333335863e+32,0,3.99288105565153e+33,-1.33096035188384e+33,6.46535159712923e+33,-2.15511719904308e+33
9.64154830966193e+24,2500,2500,3500,CO2,-0.0,0,3.01086150062888e+33,-1.00362050020963e+33,4.70722391051196e+33,-1.56907463683732e+33
9.64352870574115e+24,1000,2000,1500,CO2,-4.23264255193958e+31,0,-9.42672805249404e+32,3.14224268416468e+32,-9.15327484096535e+32,3.05109161365512e+32
9.6494698939788e+24,4500,4000,3500,CO2,1.40823887853311e+32,0,-7.56306218254684e+32,2.52102072751561e+32,-1.5577339618584e+33,5.192446539528e+32
9.65739147829566e+24,4000,3500,1500,CO2,1.35081237543146e+32,0,-5.18577929647554e+33,1.72859309882518e+33,-1.02704092173237e+34,3.4234697391079e+33
9.65937187437488e+24,4500,2000,4500,CO2,8.55258155222593e+32,0,6.51282860546357e+33,-2.17094286848786e+33,1.0759004551266e+34,-3.58633485042201e+33
9.66927385477095e+24,1000,3000,2500,CO2,-8.54146031471504e+31,0,6.69975389900868e+32,-2.23325129966956e+32,7.87890969166383e+32,-2.62630323055461e+32
9.6752150430086e+24,4500,4500,2500,CO2,-0.0,0,-2.71531572703381e+33,9.05105242344604e+32,-5.88489328930612e+33,1.96163109643537e+33
9.69105821164233e+24,2000,2000,3000,CO2,-0.0,0,3.96264378318713e+33,-1.32088126106238e+33,5.20156057310081e+33,-1.73385352436694e+33
9.69303860772154e+24,2000,2000,1500,CO2,-0.0,0,-2.31191462671436e+33,7.70638208904787e+32,-2.9227170594293e+33,9.74239019809766e+32
9.70096019203841e+24,1000,4500,4500,CO2,-1.4950440713513e+32,0,2.6949344694853e+33,-8.98311489828435e+32,4.62194316483721e+33,-1.5406477216124e+33
9.70096019203841e+24,2500,3000,4500,CO2,-8.68486511959583e+31,0,3.36792042228458e+33,-1.12264014076153e+33,5.7215985444196e+33,-1.90719951480653e+33
9.70492098419684e+24,4000,4500,2500,CO2,-1.26221563733151e+32,0,-2.78896926364178e+33,9.29656421213928e+32,-5.98963330831041e+33,1.99654443610347e+33
9.70888177635527e+24,1500,5000,3000,CO2,-2.86884739306102e+32,0,-1.20391183268069e+33,4.01303944226898e+32,-2.48007636594386e+33,8.26692121981287e+32
9.73066613322665e+24,1500,4500,2500,CO2,-2.49361532919664e+32,0,-2.09063500514413e+33,6.96878335048042e+32,-3.97504389739829e+33,1.3250146324661e+33
9.73264652930586e+24,1000,1500,4000,CO2,-2.13804400013823e+31,0,8.64225862257542e+33,-2.88075287419181e+33,8.0089445659507e+33,-2.66964818865023e+33
9.73264652930586e+24,3500,3500,4500,CO2,-0.0,0,1.54871720414328e+33,-5.16239068047761e+32,2.95395638945101e+33,-9.84652129817004e+32
9.74056811362272e+24,5000,2500,4000,CO2,8.95983368144372e+32,0,3.00393634460752e+33,-1.00131211486917e+33,5.46818795212362e+33,-1.82272931737454e+33
9.74254850970194e+24,4500,1500,2500,CO2,1.10048843509504e+33,0,4.13268223919226e+33,-1.37756074639742e+33,6.19647609375455e+33,-2.06549203125152e+33
9.74452890578116e+24,5000,3500,1000,CO2,4.82770164137213e+32,0,-6.3592764141781e+33,2.11975880472603e+33,-1.30965661768505e+34,4.36552205895016e+33
9.74650930186037e+24,1500,4000,2000,CO2,-2.10279956250169e+32,0,-3.27397222922796e+33,1.09132407640932e+33,-5.71713179508689e+33,1.9057105983623e+33
9.75641128225645e+24,3000,2500,1500,CO2,1.11691720276784e+32,0,-4.28797490017877e+33,1.42932496672626e+33,-6.90646375496642e+33,2.30215458498881e+33
9.75641128225645e+24,3500,4500,1500,CO2,-2.30039268560887e+32,0,-5.33343047161952e+33,1.77781015720651e+33,-1.14002427687163e+34,3.80008092290545e+33
9.76037207441488e+24,1500,4500,2000,CO2,-2.50903341484044e+32,0,-3.51369848550965e+33,1.17123282850322e+33,-6.58468349970175e+33,2.19489449990058e+33
9.7623524704941e+24,5000,1000,4500,CO2,1.72304641630414e+33,0,1.55628377329108e+34,-5.18761257763693e+33,2.1300522571386e+34,-7.100174190462e+33
9.76631326265253e+24,3000,5000,3500,CO2,-3.90211613455632e+32,0,-1.2170793992787e+33,4.05693133092899e+32,-2.64711279456571e+33,8.82370931521902e+32
9.77027405481096e+24,2500,2000,5000,CO2,9.18660976243711e+31,0,8.71696030195861e+33,-2.9056534339862e+33,1.25561429371317e+34,-4.1853809790439e+33
9.77423484696939e+24,2000,5000,1000,CO2,-3.72459734154918e+32,0,-6.61648373188374e+33,2.20549457729458e+33,-1.37175911012535e+34,4.57253036708449e+33
9.79799959991998e+24,4000,4000,5000,CO2,-0.0,0,1.09884183791746e+33,-3.66280612639155e+32,2.21178887986625e+33,-7.37262959955416e+32
9.7999799959992e+24,3000,5000,4000,CO2,-3.92824878540873e+32,0,-5.75468585244162e+32,1.91822861748054e+32,-1.25982706656435e+33,4.1994235552145e+32
9.80988197639528e+24,2000,4500,4500,CO2,-3.17141428544496e+32,0,9.97146225845042e+32,-3.32382075281681e+32,1.91217755186672e+33,-6.37392517288908e+32
9.80988197639528e+24,4500,3500,2000,CO2,3.04542092900259e+32,0,-3.69829248568172e+33,1.23276416189391e+33,-7.43115076033526e+33,2.47705025344509e+33
9.80988197639528e+24,5000,4000,4500,CO2,3.10071579823807e+32,0,3.99336468457109e+32,-1.3311215615237e+32,8.31154242332822e+32,-2.77051414110941e+32
9.81780356071214e+24,3000,3000,3000,CO2,-0.0,0,-0.0,-0.0,-0.0,-0.0
9.81978395679136e+24,4500,2500,1500,CO2,6.71899627046814e+32,0,-4.39220181248241e+33,1.46406727082747e+33,-7.8412040259207e+33,2.6137346753069e+33
9.83562712542509e+24,2500,4500,4000,CO2,-3.35245280088712e+32,0,-1.51608494053486e+31,5.05361646844953e+30,-6.65287788695258e+31,2.21762596231753e+31
9.83958791758352e+24,2500,4500,1000,CO2,-3.3565182324911e+32,0,-6.93886751467893e+33,2.31295583822631e+33,-1.41576827104875e+34,4.7192275701625e+33
9.83958791758352e+24,4500,5000,2500,CO2,-1.34452976857201e+32,0,-2.83630305182298e+33,9.45434350607659e+32,-6.34305106537043e+33,2.11435035512348e+33
9.84156831366273e+24,1000,1500,2000,CO2,-2.18616826584446e+31,0,2.42028428617253e+33,-8.06761428724178e+32,2.01388659492757e+33,-6.71295531642524e+32
9.84156831366273e+24,4500,4500,2000,CO2,-0.0,0,-3.89489940402593e+33,1.29829980134198e+33,-8.49613774140066e+33,2.83204591380022e+33
9.84354870974195e+24,4000,4500,1000,CO2,-1.29862435978849e+32,0,-6.44184484530352e+33,2.14728161510117e+33,-1.40234011184796e+34,4.6744670394932e+33
9.84750950190038e+24,2000,2000,4000,CO2,-0.0,0,7.05086773708418e+33,-2.35028924569473e+33,9.43641800327985e+33,-3.14547266775995e+33
9.84750950190038e+24,4000,1500,1000,CO2,8.33856118527937e+32,0,-3.33105653640271e+33,1.1103521788009e+33,-4.66704205066377e+33,1.55568068355459e+33
9.86929385877176e+24,2000,3500,5000,CO2,-1.98359585982794e+32,0,3.33011492852544e+33,-1.11003830950848e+33,5.80402414700298e+33,-1.93467471566766e+33
9.86929385877176e+24,4500,4500,4500,CO2,-0.0,0,-0.0,-0.0,-0.0,-0.0
9.87919583916783e+24,3500,3500,2000,CO2,-0.0,0,-3.84698253608128e+33,1.28232751202709e+33,-7.43344149563845e+33,2.47781383187948e+33
9.88117623524705e+24,1000,4500,4500,CO2,-1.55110729579006e+32,0,2.795992838871e+33,-9.31997612956998e+32,4.79526316386524e+33,-1.59842105462175e+33
9.88315663132627e+24,2000,2500,5000,CO2,-6.82014222645853e+31,0,6.66932385639583e+33,-2.22310795213194e+33,9.99205579622041e+33,-3.3306852654068e+33
9.88315663132627e+24,3500,5000,3500,CO2,-3.42842859587931e+32,0,-1.31820338391802e+33,4.39401127972674e+32,-2.88423948496995e+33,9.61413161656649e+32
9.8871174234847e+24,3500,3000,3000,CO2,1.30633707587514e+32,0,-1.73779878830839e+32,5.79266262769464e+31,-3.05915102162429e+32,1.0197170072081e+32
9.89107821564313e+24,3500,1500,1500,CO2,5.82690291850057e+32,0,-7.89571213598671e+32,2.6319040453289e+32,-1.0370031117954e+33,3.456677039318e+32
9.89305861172235e+24,3000,1000,1000,CO2,4.98024510691395e+32,0,-5.08701577883488e+32,1.69567192627829e+32,-5.31927297725898e+32,1.77309099241966e+32
9.89701940388078e+24,2500,4500,2000,CO2,-3.39561799875227e+32,0,-4.18663114592234e+33,1.39554371530745e+33,-8.55985771394739e+33,2.85328590464913e+33
9.90296059211842e+24,4000,3500,1500,CO2,1.42038297849921e+32,0,-5.45286138692266e+33,1.81762046230755e+33,-1.07993639233935e+34,3.59978797446451e+33
9.90494098819764e+24,3500,3500,4500,CO2,-0.0,0,1.60403561110046e+33,-5.34678537033486e+32,3.0594683326568e+33,-1.01982277755227e+33
9.90692138427686e+24,1000,2000,4000,CO2,-4.46700476147364e+31,0,7.58523459128841e+33,-2.52841153042947e+33,8.02763761618199e+33,-2.675879205394e+33
9.91088217643529e+24,1500,4500,1000,CO2,-2.58721128495636e+32,0,-6.70154984752335e+33,2.23384994917445e+33,-1.23315399362828e+34,4.11051331209425e+33
9.91484296859372e+24,2500,2500,3500,CO2,-0.0,0,3.18396947612057e+33,-1.06132315870686e+33,4.97786339398358e+33,-1.65928779799453e+33
9.91484296859372e+24,4000,4500,1500,CO2,-1.31748518608766e+32,0,-5.35187915321192e+33,1.78395971773731e+33,-1.16085562849563e+34,3.8695187616521e+33
9.91484296859372e+24,4500,1000,2500,CO2,1.40077407709617e+33,0,8.22969896181609e+33,-2.74323298727203e+33,1.06948286880826e+34,-3.56494289602755e+33
9.91682336467293e+24,4500,2000,4000,CO2,9.0145851534288e+32,0,5.8447217978106e+33,-1.9482405992702e+33,9.6747785712158e+33,-3.22492619040527e+33
9.91880376075215e+24,1000,2000,5000,CO2,-4.47767282075172e+31,0,9.65155968828369e+33,-3.21718656276123e+33,1.05812057372287e+34,-3.52706857907623e+33
9.91880376075215e+24,3000,1000,1000,CO2,5.00619946342538e+32,0,-5.11352656661114e+32,1.70450885553705e+32,-5.34699416452379e+32,1.7823313881746e+32
9.92078415683137e+24,4500,2000,1000,CO2,9.02179710293003e+32,0,-5.34675888092854e+33,1.78225296030951e+33,-8.76124185461697e+33,2.92041395153899e+33
9.92870574114823e+24,3500,3500,2000,CO2,-0.0,0,-3.88563770374577e+33,1.29521256791526e+33,-7.50813404353621e+33,2.5027113478454e+33
9.93068613722745e+24,2000,4000,1000,CO2,-2.63997103025443e+32,0,-7.1563456943408e+33,2.38544856478027e+33,-1.31423576031018e+34,4.38078586770059e+33
9.93068613722745e+24,3000,5000,2000,CO2,-4.0361218982657e+32,0,-4.19571373816442e+33,1.39857124605481e+33,-9.16961963546588e+33,3.05653987848863e+33
9.94454890978196e+24,1000,1500,2500,CO2,-2.23215906262022e+31,0,4.41873988280331e+33,-1.47291329426777e+33,3.79358532134343e+33,-1.26452844044781e+33
9.94454890978196e+24,5000,5000,1500,CO2,-0.0,0,-4.80882943706784e+33,1.60294314568928e+33,-1.09734038060651e+34,3.65780126868835e+33
9.95643128625725e+24,2000,4000,3000,CO2,-2.65347366294538e+32,0,-1.03908480188376e+33,3.4636160062792e+32,-1.97976062714604e+33,6.59920209048681e+32
9.96039207841568e+24,2500,5000,2500,CO2,-4.21002500390662e+32,0,-3.01546657072032e+33,1.00515552357344e+33,-6.46924989596806e+33,2.15641663198935e+33
9.9623724744949e+24,5000,1000,5000,CO2,1.79437322483046e+33,0,1.74426524237698e+34,-5.81421747458994e+33,2.39269728411366e+34,-7.97565761371221e+33
9.96435287057412e+24,2000,4000,1500,CO2,-2.65787875377435e+32,0,-5.63242792369688e+33,1.87747597456563e+33,-1.03942162524739e+34,3.46473875082463e+33
9.99009801960392e+24,5000,4500,3000,CO2,1.53203675358645e+32,0,-1.92166565763171e+33,6.40555219210571e+32,-4.16338910320376e+33,1.38779636773459e+33
9.99207841568314e+24,5000,2000,3500,CO2,1.19914999541976e+33,0,4.48638425776085e+33,-1.49546141925362e+33,7.63299817970606e+33,-2.54433272656869e+33
9.99405881176235e+24,4500,5000,2500,CO2,-1.38707646406785e+32,0,-2.92605585990545e+33,9.75351953301816e+32,-6.54377243911841e+33,2.18125747970614e+33
